{
  "f61957b6-2e1e-3bad-b734-ecac33b33529": {
    "world": "minecraft:overworld",
    "x": 157.92163966219857,
    "y": 90.0,
    "z": 188.69999998807907,
    "yaw": -69.150024,
    "pitch": 15.30004
  },
  "edc6da0c-d07d-3ac0-a19e-74a2f0f3e7a8": {
    "world": "minecraft:overworld",
    "x": 7187.33795615304,
    "y": -6.590531343715096,
    "z": -6807.300000011921,
    "yaw": 18.448547,
    "pitch": 73.65
  },
  "edc6da0c-d07d-3ac0-a19e-74a2f0f3e7a8": {
    "world": "minecraft:overworld",
    "x": 7356.374826052344,
    "y": 102.0,
    "z": -6706.646829498424,
    "yaw": -175.79967,
    "pitch": 10.950023
  },
  "f61957b6-2e1e-3bad-b734-ecac33b33529": {
    "world": "minecraft:overworld",
    "x": 1073.074536861256,
    "y": -32.0,
    "z": 2567.350082041694,
    "yaw": -86.087036,
    "pitch": 83.84998
  }
}