{
  "f61957b6-2e1e-3bad-b734-ecac33b33529": {
    "world": "minecraft:overworld",
    "x": 157.92163966219857,
    "y": 90.0,
    "z": 188.69999998807907,
    "yaw": -69.150024,
    "pitch": 15.30004
  }
}