{
  "f61957b6-2e1e-3bad-b734-ecac33b33529": {
    "world": "minecraft:overworld",
    "x": 157.92163966219857,
    "y": 90.0,
    "z": 188.69999998807907,
    "yaw": -69.150024,
    "pitch": 15.30004
  },
  "edc6da0c-d07d-3ac0-a19e-74a2f0f3e7a8": {
    "world": "minecraft:overworld",
    "x": 7187.33795615304,
    "y": -6.590531343715096,
    "z": -6807.300000011921,
    "yaw": 18.448547,
    "pitch": 73.65
  },
  "edc6da0c-d07d-3ac0-a19e-74a2f0f3e7a8": {
    "world": "minecraft:overworld",
    "x": 7356.300000011921,
    "y": 102.0,
    "z": -6717.268793053935,
    "yaw": -0.7496338,
    "pitch": -9.449989
  }
}