[12:53:52] [main/INFO]: Loading Minecraft 1.21.11 with Fabric Loader 0.18.4
[12:53:52] [ForkJoinPool-1-worker-4/WARN]: The mod "extended_drawers" contains invalid entries in its mod json:
- Unsupported root entry "recommends(disabled)" at line 45 column 25
[12:53:52] [main/INFO]: Dependencies overridden for farmersdelight, televator, jsonpatcher, restart_detector, bil, fsit, enderscape, computercraft, filament, braverbundles, puzzleslib, extended_drawers, forgeconfigapiport, leavesbegone, leaves_us_in_peace, openloader, clumps
[12:53:52] [main/WARN]: Warnings were found!
 - Mod 'Forge Config API Port' (forgeconfigapiport) 21.11.1 recommends any version of modmenu, which is missing!
	 - You should install any version of modmenu for the optimal experience.
[12:53:52] [main/INFO]: Loading 276 mods:
	- alternate-current 1.9.0
	- antixray 1.4.14
	   |-- com_moandjiezana_toml_toml4j 0.7.2
	   \-- fabric-permissions-api-v0 0.6.1
	- architectury 19.0.1
	- armor-stand-editor 2.11.1+1.21.11
	   |-- common-protection-api 1.0.0
	   |-- player-data-api 0.9.1+1.21.11
	   |-- server_translations_api 2.5.2+1.21.9-pre3
	   \-- sgui 1.12.0+1.21.11
	- audaki_cart_engine 4.3
	- babyfat 1.0.8+1.21.11
	- balm 21.11.6
	   \-- kuma_api 21.11.12
	- biome_tag_villagers 1.4.0
	- blahaj 3.1.0+1.21.4
	- blockus 2.15.0+1.21.11
	   \-- terraform-wood-api-v1 16.0.0-beta.2
	- blossom-back 2.1.12+1.21.11
	- blossom-homes 2.2.11+1.21.11
	- blossom-lib 2.5.18+1.21.11
	   \-- server_translations_api 2.5.2+1.21.9-pre3
	- blossom-tpa 2.2.12+1.21.9
	- braverbundles 1.21.5-1.0.5
	- brewery 0.14.0+1.21.11-rc2
	   |-- net_objecthunter_exp4j 0.4.8
	   \-- server_translations_api 2.5.2+1.21.9-pre3
	- brutalnightmare 5.7
	- butterbee 1.0.4
	- chalk 3.1.1-polymania+1.21.11
	- cinderscapes 5.6.0
	   |-- biolith 3.5.0-beta.3
	   |-- cinderscapes-client 5.6.0
	   |-- cinderscapes-common 5.6.0
	   |-- cinderscapes-worldgen 5.6.0
	   |-- mixson 1.4.0
	   |-- terraform-biome-remapper-api-v1 16.0.0-beta.2
	   |-- terraform-shapes-api-v1 16.0.0-beta.2
	   |-- terraform-surfaces-api-v1 16.0.0-beta.2
	   \-- terraform-wood-api-v1 16.0.0-beta.2
	- clifftree 3.1.4
	- cloth-config 21.11.153
	   \-- cloth-basic-math 0.6.1
	- clumps 29.0.0.1
	- constructionwand 2.1.1
	   \-- dev_smto_simpleconfig 2.4.3
	- constructionwand-polymer 1.0.0
	- curiosities 1.1.1+1.21.11
	   |-- common-protection-api 1.0.0
	   \-- sgui 1.12.0+1.21.11
	- danse 2.4.1+1.21.11
	   |-- dialogutils 1.7.2+1.21.9
	   \-- sgui 1.12.0+1.21.11
	- darkpaintings 21.11.1
	- easyeula 1.1.1
	- enderscape 2.1.0
	- enderscape-polymer-patch 2.1.0.0+1.21.11
	   \-- mixinsquared 0.3.3
	- explorify 1.6.4
	- extended-drawers-polymer-patch 4.3.0-beta.3.0+1.21.11
	   \-- graphlib 2.0.3-beta.0.patbox+1.21.11
	        |-- codextra 2.0.0+1.21
	        \-- common_events 1.4.0+1.21.4
	- extended_drawers 4.3.0-beta.3+mc.1.21.11
	   |-- config_toolkit 1.1.2
	   |    |-- io_determann_shadow-api-17 0.2.0
	   |    \-- net_fabricmc_javapoet 0.1.0
	   \-- graphlib 2.0.3-beta.0.patbox+1.21.11
	        |-- codextra 2.0.0+1.21
	        \-- common_events 1.4.0+1.21.4
	- fabric-api 0.141.3+1.21.11
	   |-- fabric-api-base 1.0.5+4ebb5c083e
	   |-- fabric-api-lookup-api-v1 1.6.114+20dc27073e
	   |-- fabric-biome-api-v1 17.1.1+4fc5413f3e
	   |-- fabric-block-api-v1 1.1.10+4ebb5c083e
	   |-- fabric-block-view-api-v2 1.0.39+4ebb5c083e
	   |-- fabric-command-api-v2 2.4.7+6b42a6003e
	   |-- fabric-content-registries-v0 10.2.14+4fc5413f3e
	   |-- fabric-convention-tags-v1 2.1.55+7f945d5b3e
	   |-- fabric-convention-tags-v2 2.17.3+8ef948ba3e
	   |-- fabric-crash-report-info-v1 0.3.23+4ebb5c083e
	   |-- fabric-data-attachment-api-v1 1.8.47+eed0806f3e
	   |-- fabric-data-generation-api-v1 23.4.0+69974c4e3e
	   |-- fabric-dimensions-v1 4.0.28+4fc5413f3e
	   |-- fabric-entity-events-v1 3.1.1+1d0ab4303e
	   |-- fabric-events-interaction-v0 4.1.0+3b89ecf63e
	   |-- fabric-game-rule-api-v1 2.0.3+4fc5413f3e
	   |-- fabric-item-api-v1 11.5.20+d0c46b9e3e
	   |-- fabric-item-group-api-v1 4.2.36+4fc5413f3e
	   |-- fabric-key-binding-api-v1 1.1.7+4fc5413f3e
	   |-- fabric-lifecycle-events-v1 2.6.15+4ebb5c083e
	   |-- fabric-loot-api-v2 3.0.73+3f89f5a53e
	   |-- fabric-loot-api-v3 2.0.20+78c8b4663e
	   |-- fabric-message-api-v1 6.1.12+4ebb5c083e
	   |-- fabric-model-loading-api-v1 6.0.15+4fc5413f3e
	   |-- fabric-networking-api-v1 5.1.5+ae1e07683e
	   |-- fabric-object-builder-api-v1 21.1.39+4fc5413f3e
	   |-- fabric-particles-v1 4.2.11+4fc5413f3e
	   |-- fabric-recipe-api-v1 8.2.3+4ebb5c083e
	   |-- fabric-registry-sync-v0 6.2.5+1718722b3e
	   |-- fabric-renderer-api-v1 8.0.3+f4ffd2e53e
	   |-- fabric-renderer-indigo 5.0.3+f4ffd2e53e
	   |-- fabric-rendering-fluids-v1 3.1.43+4ebb5c083e
	   |-- fabric-rendering-v1 16.2.10+0290ad933e
	   |-- fabric-resource-conditions-api-v1 5.0.35+4fc5413f3e
	   |-- fabric-resource-loader-v0 3.3.4+4fc5413f3e
	   |-- fabric-resource-loader-v1 1.0.10+78c8b4663e
	   |-- fabric-screen-api-v1 3.1.7+4ebb5c083e
	   |-- fabric-screen-handler-api-v1 1.3.161+4fc5413f3e
	   |-- fabric-serialization-api-v1 1.0.5+4ebb5c083e
	   |-- fabric-sound-api-v1 1.0.51+4fc5413f3e
	   |-- fabric-tag-api-v1 1.2.20+4fc5413f3e
	   |-- fabric-transfer-api-v1 6.0.25+4fc5413f3e
	   \-- fabric-transitive-access-wideners-v1 7.1.0+014c8cec3e
	- fabric-api-protocol-fix 1.0.0
	- fabric-language-kotlin 1.13.9+kotlin.2.3.10
	   |-- org_jetbrains_kotlin_kotlin-reflect 2.3.10
	   |-- org_jetbrains_kotlin_kotlin-stdlib 2.3.10
	   |-- org_jetbrains_kotlin_kotlin-stdlib-jdk7 2.3.10
	   |-- org_jetbrains_kotlin_kotlin-stdlib-jdk8 2.3.10
	   |-- org_jetbrains_kotlinx_atomicfu-jvm 0.31.0
	   |-- org_jetbrains_kotlinx_kotlinx-coroutines-core-jvm 1.10.2
	   |-- org_jetbrains_kotlinx_kotlinx-coroutines-jdk8 1.10.2
	   |-- org_jetbrains_kotlinx_kotlinx-datetime-jvm 0.7.1
	   |-- org_jetbrains_kotlinx_kotlinx-io-bytestring-jvm 0.8.2
	   |-- org_jetbrains_kotlinx_kotlinx-io-core-jvm 0.8.2
	   |-- org_jetbrains_kotlinx_kotlinx-serialization-cbor-jvm 1.10.0
	   |-- org_jetbrains_kotlinx_kotlinx-serialization-core-jvm 1.10.0
	   \-- org_jetbrains_kotlinx_kotlinx-serialization-json-jvm 1.10.0
	- fabricloader 0.18.4
	   \-- mixinextras 0.5.0
	- farmers-delight-polymer-patch 3.4.3.0+1.21.11
	   |-- mixinsquared 0.3.3
	   \-- sgui 1.12.0+1.21.11
	- farmersdelight 1.21.11-3.4.9+refabricated
	   \-- mm 2.3
	- farmtweaks 1.8
	- ferritecore 8.2.0
	- filament 1.4.0+1.21.11
	   |-- adventure-platform-fabric 6.7.0
	   |    |-- net_kyori_adventure-api 4.25.0
	   |    |-- net_kyori_adventure-key 4.25.0
	   |    |-- net_kyori_adventure-platform-api 4.4.1
	   |    |-- net_kyori_adventure-platform-mod-shared-fabric-repack 6.7.0
	   |    |-- net_kyori_adventure-text-logger-slf4j 4.25.0
	   |    |-- net_kyori_adventure-text-minimessage 4.25.0
	   |    |-- net_kyori_adventure-text-serializer-ansi 4.25.0
	   |    |-- net_kyori_adventure-text-serializer-gson 4.25.0
	   |    |-- net_kyori_adventure-text-serializer-json 4.25.0
	   |    |-- net_kyori_adventure-text-serializer-plain 4.25.0
	   |    |-- net_kyori_ansi 1.1.1
	   |    |-- net_kyori_examination-api 1.3.0
	   |    |-- net_kyori_examination-string 1.3.0
	   |    \-- net_kyori_option 1.1.0
	   |-- bil 2.0.2+1.21.11
	   |    |-- fabric-permissions-api-v0 0.6.1
	   |    \-- gg_moonflower_molang-compiler 3.1.1.19
	   |-- common-protection-api 1.0.0
	   |-- fabric-permissions-api-v0 0.6.1
	   |-- net_kyori_adventure-text-minimessage 4.25.0
	   \-- sgui 1.12.0+1.21.11
	- fokusapi 4.1
	- forgeconfigapiport 21.11.1
	   |-- com_electronwill_night-config_core 3.8.3
	   \-- com_electronwill_night-config_toml 3.8.3
	- friendsandfoes 4.0.21
	- friendsandfoes-polymer-patch 4.0.19-0+1.21.11
	- fsit 2.9.0+mc1.21.11
	- glideaway 1.8.0+1.21.11
	   \-- common-protection-api 1.0.0
	- go-fish 1.10.1+1.21.11
	- goml 1.19.1+1.21.11
	   |-- cardinal-components-base 7.3.0
	   |-- cardinal-components-world 7.3.0
	   |-- common-protection-api 1.0.0
	   |-- playerabilitylib 1.15.0
	   |-- rtree-3i-lite-fabric 0.3.0
	   |-- server_translations_api 2.5.2+1.21.9-pre3
	   \-- sgui 1.12.0+1.21.11
	- illagerexp 1.2.0
	   \-- server_translations_api 2.5.2+1.21.9-pre3
	- image2map 0.12.1+1.21.11
	   |-- com_twelvemonkeys_common_common-image 3.12.0
	   |-- com_twelvemonkeys_common_common-io 3.12.0
	   |-- com_twelvemonkeys_common_common-lang 3.12.0
	   |-- com_twelvemonkeys_imageio_imageio-core 3.12.0
	   |-- com_twelvemonkeys_imageio_imageio-metadata 3.12.0
	   \-- com_twelvemonkeys_imageio_imageio-webp 3.12.0
	- incendium 5.4.12
	- invview 1.4.19-1.21.11+
	   \-- fabric-permissions-api-v0 0.6.1
	- java 21
	- journeymap 1.21.11-6.0.0-beta.65
	   |-- ar_com_hjg_pngj 2.1.0
	   |-- commonnetworking 1.0.22-1.21.11
	   \-- journeymap-api-fabric 2.0.0-1.21.11-SNAPSHOT
	- jsonpatcher 1.1.2+mc.1.21.4
	   |-- com_github_mattidragon_jsonpatcherlang_jsonpatcher-docs 1.0.0
	   |-- config_toolkit 1.1.2
	   |    |-- io_determann_shadow-api-17 0.2.0
	   |    \-- net_fabricmc_javapoet 0.1.0
	   \-- jsonpatcher-lang 1.0.0
	- kleeslabs 21.11.3
	- leaves_us_in_peace 1.11.2
	- lithium 0.21.3+mc1.21.11
	- lithostitched 1.6.1
	- lootr 1.21.11-1.20.34.101
	- lootr_polymer 1.1
	   \-- server_translations_api 2.5.2+1.21.9-pre3
	- lovely-snails-polymer-patch 1.2.3.0+1.21.11
	   \-- sgui 1.12.0+1.21.11
	- lovely_snails 1.2.3+1.21.11
	- luckperms 5.5.21
	   \-- fabric-permissions-api-v0 0.6.1
	- microfighters 1.1.0+1.21.11
	- midnightlib 1.9.2
	- minecraft 1.21.11
	- mini-vfx 1.0.4+1.21.11
	- morefurnaces 1.2.1+1.21.11
	- moretools 1.9.0+1.21.11
	- mr_banner_text 1.4.2
	- mr_dungeons_andtaverns 1-v5.1.0
	- mr_nightosphere 3.0
	- mr_true_ending 1-v1.1.4d
	- nethermap 4.2.0+1.21.5
	- nullscape 1.2.16
	- open-sesame 1.0.5
	- ouch 1.7.0+1.21.11
	   \-- predicate-api 0.7.0+1.21.11
	- perplayerwanderingtraders 1.0.2+1.21.11-rc2
	- placeholder-api 2.8.2+1.21.10
	- plushables 2.0.11
	- plushables-polymerized 1.0.0+1.21.9
	- polychess 0.1.3+1.21.11
	- polydecorations 0.10.4+1.21.11
	   |-- common-protection-api 1.0.0
	   |-- resource-locator-api 0.6.3-drex+1.21.11
	   \-- sgui 1.12.0+1.21.11
	- polydex 1.8.1+1.21.11
	   |-- player-data-api 0.9.1+1.21.11
	   |-- predicate-api 0.7.0+1.21.11
	   |-- server_translations_api 2.5.2+1.21.9-pre3
	   \-- sgui 1.12.0+1.21.11
	- polyfactory 0.10.4+1.21.11
	   |-- booklet 0.1.0+1.21.11
	   |    |-- map-canvas-api 0.7.1+1.21.11
	   |    |-- server_translations_api 2.5.2+1.21.9-pre3
	   |    \-- sgui 1.12.0+1.21.11
	   |-- common-protection-api 1.0.0
	   |-- factorytools 0.9.5+1.21.11
	   |-- graphlib 2.0.3-beta.0.patbox+1.21.11
	   |    |-- codextra 2.0.0+1.21
	   |    \-- common_events 1.4.0+1.21.4
	   |-- server_translations_api 2.5.2+1.21.9-pre3
	   |-- sgui 1.12.0+1.21.11
	   \-- sidebar-api 0.5.1+1.21.1
	- polymania-extras 0.6.2
	- polymer-bundled 0.15.2+1.21.11
	   |-- polymer-autohost 0.15.2+1.21.11
	   |-- polymer-blocks 0.15.2+1.21.11
	   |-- polymer-common 0.15.2+1.21.11
	   |    \-- packet_tweaker 0.6.0+1.21.10
	   |-- polymer-core 0.15.2+1.21.11
	   |    |-- polymer-networking 0.15.2+1.21.11
	   |    |    \-- polymer-common 0.15.2+1.21.11
	   |    |         \-- packet_tweaker 0.6.0+1.21.10
	   |    \-- polymer-registry-sync-manipulator 0.15.2+1.21.11
	   |-- polymer-resource-pack 0.15.2+1.21.11
	   |    \-- polymer-common 0.15.2+1.21.11
	   |         \-- packet_tweaker 0.6.0+1.21.10
	   |-- polymer-resource-pack-extras 0.15.2+1.21.11
	   |-- polymer-sound-patcher 0.15.2+1.21.11
	   \-- polymer-virtual-entity 0.15.2+1.21.11
	        \-- polymer-common 0.15.2+1.21.11
	             \-- packet_tweaker 0.6.0+1.21.10
	- polymer-patch-bundle 1.1.5+1.21.11
	   \-- resource-locator-api 0.6.3-drex+1.21.11
	- polymer-qol 1.0.2+1.21.11
	   \-- polymer-core 0.15.2+1.21.11
	        |-- polymer-networking 0.15.2+1.21.11
	        |    \-- polymer-common 0.15.2+1.21.11
	        |         \-- packet_tweaker 0.6.0+1.21.10
	        \-- polymer-registry-sync-manipulator 0.15.2+1.21.11
	- polynutrition 1.7
	- polysit 0.9.9+mc.1.21.11-rc1
	- proper-pet-tp 1.2.3
	- rail-placement-fix 1.1.0
	- reactify 1.3
	- resourcefullib 3.11.0
	   |-- com_teamresourceful_bytecodecs 1.1.3
	   \-- com_teamresourceful_yabn 1.0.3
	- rocks 1.9.4+1.21.11
	- roughlyenoughitems 21.11.814
	   \-- error_notifier 1.0.11
	- serverbackpacks 1.5.2+1.21.11
	   |-- common-protection-api 1.0.0
	   |-- server_translations_api 2.5.2+1.21.9-pre3
	   \-- sgui 1.12.0+1.21.11
	- sha1runtime 1.4.1
	- simple-registry-aliases 1.0.0+1.21.4
	- simpleresourceloader 1.0.0+1.21.1
	- simply-slingshot 0.3.0+1.21.11
	   \-- common-protection-api 1.0.0
	- sleepwarp 2.10.0+1.21.11
	   \-- server_translations_api 2.5.2+1.21.9-pre3
	- spark 1.10.156
	   \-- fabric-permissions-api-v0 0.6.1
	- styledchat 2.11.0+1.21.11
	   \-- predicate-api 0.7.0+1.21.11
	- styledplayerlist 3.10.0+1.21.11
	   \-- predicate-api 0.7.0+1.21.11
	- sylcurity 1.0.2
	   \-- server_translations_api 2.5.2+1.21.9-pre3
	- televator 1.2.6
	   \-- server_translations_api 2.5.2+1.21.9-pre3
	- terrablender 21.11.0.0
	- terralith 2.6.1
	- terrestria 7.6.0-beta.2
	   |-- terraform-biome-remapper-api-v1 16.0.0-beta.2
	   |-- terraform-config-api-v1 16.0.0-beta.2
	   |-- terraform-dirt-api-v1 16.0.0-beta.2
	   |-- terraform-shapes-api-v1 16.0.0-beta.2
	   |-- terraform-surfaces-api-v1 16.0.0-beta.2
	   |-- terraform-tree-api-v1 16.0.0-beta.2
	   |-- terraform-wood-api-v1 16.0.0-beta.2
	   |-- terrestria-client 7.6.0-beta.2
	   |-- terrestria-common 7.6.0-beta.2
	   \-- terrestria-worldgen 7.6.0-beta.2
	- toms_mobs 3.0.2+1.21.11
	   |-- bil 2.0.2+1.21.11
	   |    |-- fabric-permissions-api-v0 0.6.1
	   |    \-- gg_moonflower_molang-compiler 3.1.1.19
	   \-- smartbrainlib 1.16.11
	- trinkets 3.11.0-beta.1+polymerport.4
	   |-- cardinal-components-base 7.3.0
	   |-- cardinal-components-entity 7.3.0
	   \-- server_translations_api 2.5.2+1.21.9-pre3
	- tsa-concrete 1.1.1+1.21.2-rc1-1.21.2-rc1
	- tsa-decorations 2.1.14+1.21.11
	   \-- sgui 1.12.0+1.21.11
	- tsa-planks 1.1.2+1.21.2-rc1
	- tsa-stone 1.1.5
	- universal-graves 3.10.2+1.21.11
	   |-- common-protection-api 1.0.0
	   |-- predicate-api 0.7.0+1.21.11
	   \-- server_translations_api 2.5.2+1.21.9-pre3
	- universal_shops 1.13.0+1.21.11
	   |-- common-economy-api 1.1.1
	   |-- common-protection-api 1.0.0
	   \-- server_translations_api 2.5.2+1.21.9-pre3
	- vaulted-end 1.5.0
	- viabackwards 5.8.1
	- viafabric 0.4.21+156-1.14-1.21
	   |-- cotton-client-commands 1.1.0+1.15.2
	   \-- viafabric-mc12111 0.4.21+156-1.14-1.21
	- viaversion 5.8.1
	- visualjukebox 1.0.5+1.21.11
	- vss 0.2.1
	   \-- dev_xantha_common 0.2.1
	- wlodzimiers_blocks 1.1.4+1.21.11
	- woods_and_mires 2.1.2+1.21.11
	   \-- com_typesafe_config 1.4.3
	- yet_another_config_lib_v3 3.8.2+1.21.11-fabric
	   |-- com_twelvemonkeys_common_common-image 3.12.0
	   |-- com_twelvemonkeys_common_common-io 3.12.0
	   |-- com_twelvemonkeys_common_common-lang 3.12.0
	   |-- com_twelvemonkeys_imageio_imageio-core 3.12.0
	   |-- com_twelvemonkeys_imageio_imageio-metadata 3.12.0
	   |-- com_twelvemonkeys_imageio_imageio-webp 3.12.0
	   |-- org_quiltmc_parsers_gson 0.2.1
	   \-- org_quiltmc_parsers_json 0.2.1
[12:53:53] [main/INFO]: SpongePowered MIXIN Subsystem Version=0.8.7 Source=file:/home/runner/work/myserver/myserver/libraries/net/fabricmc/sponge-mixin/0.17.0+mixin.0.8.7/sponge-mixin-0.17.0+mixin.0.8.7.jar Service=Knot/Fabric Env=SERVER
[12:53:53] [main/INFO]: Compatibility level set to JAVA_21
[12:53:53] [main/WARN]: Reference map 'balm.refmap.json' for balm.mixins.json could not be read. If this is a development environment you can ignore this message
[12:53:53] [main/WARN]: Reference map 'balm.refmap.json' for balm.api.mixins.json could not be read. If this is a development environment you can ignore this message
[12:53:53] [main/WARN]: Reference map 'balm.refmap.json' for balm.fabric.mixins.json could not be read. If this is a development environment you can ignore this message
[12:53:53] [main/WARN]: Reference map 'clumps.refmap.json' for clumps.mixins.json could not be read. If this is a development environment you can ignore this message
[12:53:53] [main/WARN]: Reference map 'darkpaintings.refmap.json' for darkpaintings.mixins.json could not be read. If this is a development environment you can ignore this message
[12:53:53] [main/WARN]: Reference map 'darkpaintings.refmap.json' for darkpaintings.fabric.mixins.json could not be read. If this is a development environment you can ignore this message
[12:53:53] [main/WARN]: Reference map 'friendsandfoes.refmap.json' for friendsandfoes-common.mixins.json could not be read. If this is a development environment you can ignore this message
[12:53:53] [main/WARN]: Reference map 'friendsandfoes.refmap.json' for friendsandfoes-fabric.mixins.json could not be read. If this is a development environment you can ignore this message
[12:53:53] [main/WARN]: Reference map 'graphlib-core.refmap.json' for graphlib-common.mixins.json could not be read. If this is a development environment you can ignore this message
[12:53:53] [main/WARN]: Reference map 'journeymap-refmap.json' for journeymap.mixins.json could not be read. If this is a development environment you can ignore this message
[12:53:53] [main/WARN]: Reference map 'journeymap-refmap.json' for journeymap.fabric.mixins.json could not be read. If this is a development environment you can ignore this message
[12:53:53] [main/WARN]: Reference map 'kleeslabs.refmap.json' for kleeslabs.mixins.json could not be read. If this is a development environment you can ignore this message
[12:53:53] [main/WARN]: Reference map 'kleeslabs.refmap.json' for kleeslabs.fabric.mixins.json could not be read. If this is a development environment you can ignore this message
[12:53:53] [main/WARN]: Reference map 'kuma_api.refmap.json' for kuma_api.mixins.json could not be read. If this is a development environment you can ignore this message
[12:53:53] [main/WARN]: Reference map 'kuma_api.refmap.json' for kuma_api.fabric.mixins.json could not be read. If this is a development environment you can ignore this message
[12:53:53] [main/INFO]: Loaded configuration file for Lithium: 168 options available, 1 override(s) found.
[12:53:53] [main/WARN]: Reference map 'TerraBlender-fabric-refmap.json' for terrablender.mixins.json could not be read. If this is a development environment you can ignore this message
[12:53:53] [main/WARN]: Reference map 'yet_another_config_lib_v3.refmap.json' for yacl.mixins.json could not be read. If this is a development environment you can ignore this message
[12:53:53] [main/WARN]: Reference map 'yet_another_config_lib_v3.refmap.json' for yacl-fabric.mixins.json could not be read. If this is a development environment you can ignore this message
[12:53:53] [main/WARN]: Error loading class: io/github/mattidragon/extendeddrawers/extensions/registry/ExtensionBlocks (java.lang.ClassNotFoundException: io/github/mattidragon/extendeddrawers/extensions/registry/ExtensionBlocks)
[12:53:54] [main/WARN]: Error loading class: net/minecraft/class_9934 (java.lang.ClassNotFoundException: net/minecraft/class_9934)
[12:53:54] [main/WARN]: @Mixin target net.minecraft.class_9934 was not found farmersdelight.mixins.json:refabricated.GhostSlotsInvoker from mod farmersdelight
[12:53:54] [main/WARN]: Error loading class: vazkii/botania/common/entity/EntityManaBurst (java.lang.ClassNotFoundException: vazkii/botania/common/entity/EntityManaBurst)
[12:53:54] [main/WARN]: Error loading class: vazkii/botania/common/item/ItemLaputaShard (java.lang.ClassNotFoundException: vazkii/botania/common/item/ItemLaputaShard)
[12:53:54] [main/WARN]: @Mixin target vazkii.botania.common.item.ItemLaputaShard was not found goml.mixins.json:compat.BotaniaItemLaputaShardMixin from mod goml
[12:53:54] [main/WARN]: Error loading class: org/dynmap/Client (java.lang.ClassNotFoundException: org/dynmap/Client)
[12:53:54] [main/WARN]: Error loading class: net/minecraft/class_938 (java.lang.ClassNotFoundException: net/minecraft/class_938)
[12:53:54] [main/WARN]: @Mixin target net.minecraft.class_938 was not found journeymap.mixins.json:client.SalmonRendererAccessor from mod journeymap
[12:53:54] [main/INFO]: Force-disabling mixin 'ai.task.memory_change_counting.BehaviorMixin' as rule 'mixin.ai.task.memory_change_counting' (added by mods [smartbrainlib]) disables it and children
[12:53:54] [main/INFO]: Force-disabling mixin 'ai.task.memory_change_counting.BrainMixin' as rule 'mixin.ai.task.memory_change_counting' (added by mods [smartbrainlib]) disables it and children
[12:53:54] [main/WARN]: Error loading class: net/minecraft/class_12074 (java.lang.ClassNotFoundException: net/minecraft/class_12074)
[12:53:54] [main/WARN]: @Mixin target net.minecraft.class_12074 was not found resourcefullib.mixins.json:BlockOutlineRenderStateMixin from mod resourcefullib
[12:53:54] [main/WARN]: Error loading class: lol/sylvie/bedframe/geyser/translator/BlockTranslator (java.lang.ClassNotFoundException: lol/sylvie/bedframe/geyser/translator/BlockTranslator)
[12:53:54] [main/WARN]: @Mixin target lol.sylvie.bedframe.geyser.translator.BlockTranslator was not found servback.mixin.json:compat.BedframeBlockTranslatorMixin from mod serverbackpacks
[12:53:54] [main/WARN]: Error loading class: lol/sylvie/bedframe/geyser/translator/ItemTranslator (java.lang.ClassNotFoundException: lol/sylvie/bedframe/geyser/translator/ItemTranslator)
[12:53:54] [main/WARN]: @Mixin target lol.sylvie.bedframe.geyser.translator.ItemTranslator was not found servback.mixin.json:compat.BedframeItemTranslatorMixin from mod serverbackpacks
[12:53:54] [main/WARN]: Error loading class: com/simibubi/create/content/kinetics/base/BlockBreakingKineticBlockEntity (java.lang.ClassNotFoundException: com/simibubi/create/content/kinetics/base/BlockBreakingKineticBlockEntity)
[12:53:55] [main/INFO]: Initializing MixinExtras via com.llamalad7.mixinextras.service.MixinExtrasServiceImpl(version=0.5.0).
[12:53:56] [main/WARN]: Cancelled mixin net.bunten.enderscape.mixin.LivingEntityMixin. Check debug logs for more information.
[12:53:57] [main/WARN]: Cancelled mixin net.bunten.enderscape.mixin.ItemEntityMixin. Check debug logs for more information.
[12:53:57] [main/WARN]: Cancelled mixin net.bunten.enderscape.mixin.NoteBlockInstrumentMixin. Check debug logs for more information.
[12:54:01] [main/WARN]: Cancelled mixin net.bunten.enderscape.mixin.ExperienceOrbMixin. Check debug logs for more information.
[12:54:01] [main/WARN]: Cancelled mixin net.bunten.enderscape.mixin.AbstractMinecartMixin. Check debug logs for more information.
[12:54:03] [main/INFO]: Successfully initialized antixray for fabric
[12:54:04] [main/INFO]: Biolith for Fabric is initializing...
[12:54:04] [main/INFO]: Enabling Biolith's TerraBlender compatibility layer.
[12:54:04] [main/INFO]: Tag time :gun:!
[12:54:04] [main/ERROR]: Couldn't load butterbee overlays metadata: No key entries in MapLike[{}]
[12:54:04] [main/ERROR]: Couldn't load clifftree fabric:overlays metadata: Unknown resource condition key: fabric:and
[12:54:04] [main/ERROR]: Couldn't load mr_true_ending pack metadata: Pack key supported_formats is deprecated starting from pack format 65. Remove supported_formats from your pack.mcmeta.
[12:54:04] [main/ERROR]: Couldn't load mr_true_ending overlays metadata: Overlay "1.21.5" key formats is deprecated starting from pack format 65. Remove formats from your pack.mcmeta.
[12:54:04] [main/ERROR]: Couldn't load terralith fabric:overlays metadata: Unknown resource condition key: terralith:config; Unknown resource condition key: terralith:config; Unknown resource condition key: terralith:config; Unknown resource condition key: terralith:config; Unknown resource condition key: terralith:config; Unknown resource condition key: terralith:config; Unknown resource condition key: terralith:config
[12:54:12] [main/INFO]: Enabling Cinderscapes' Biolith worldgen module.
[12:54:12] [main/INFO]: Initializing Common Events 1.4.0+1.21.4...
[12:54:12] [main/INFO]: [Common Events] Finding mods to scan...
[12:54:12] [main/INFO]: [Common Events] Scanning 0 mods...
[12:54:12] [main/INFO]: [Common Events] Scanned 0 mods in 0s, 1ms.
[12:54:12] [main/INFO]: Polymer addon detected, enabling Polymer compat!
[12:54:12] [main/INFO]: ConstructionWand says hello - may the odds be ever in your favor.
[12:54:13] [main/INFO]: Deserializing EnderscapeConfig from './config/enderscape.json5'
[12:54:13] [main/WARN]: Found unknown config field 'defaultResourcePackLighting'.
[12:54:13] [main/WARN]: Found unknown config field 'defaultResourcePackDarkLighting'.
[12:54:13] [main/WARN]: Found unknown config field 'debugHudClientInfo'.
[12:54:13] [main/WARN]: Found unknown config field 'debugHudEnabled'.
[12:54:13] [main/WARN]: Found unknown config field 'debugHudMusicInfo'.
[12:54:13] [main/WARN]: Found unknown config field 'debugHudPlayerInfo'.
[12:54:13] [main/WARN]: Found unknown config field 'debugMagniaSproutHitboxes'.
[12:54:13] [main/WARN]: Found unknown config field 'skyboxAddDynamicFogDensity'.
[12:54:13] [main/WARN]: Missing required config field 'flashFrequency''. Re-saving as default.
[12:54:13] [main/WARN]: Missing required config field 'flashInfluencesSkybox''. Re-saving as default.
[12:54:13] [main/WARN]: Missing required config field 'includeItemsInVanillaCreativeTabs''. Re-saving as default.
[12:54:13] [main/WARN]: Missing required config field 'flashEnabled''. Re-saving as default.
[12:54:13] [main/WARN]: Missing required config field 'silverfishNaturalSpawnsObeyLightLevel''. Re-saving as default.
[12:54:13] [main/WARN]: Missing required config field 'supplementVanillaEndCityTreasureLoot''. Re-saving as default.
[12:54:13] [main/WARN]: Missing required config field 'flashUpdatedVisuals''. Re-saving as default.
[12:54:13] [main/WARN]: Missing required config field 'endermiteNaturalSpawnsObeyLightLevel''. Re-saving as default.
[12:54:13] [main/WARN]: Missing required config field 'lightingStyle''. Re-saving as default.
[12:54:13] [main/WARN]: Missing required config field 'supplementVanillaStrongholdLibraryLoot''. Re-saving as default.
[12:54:13] [main/WARN]: Missing required config field 'silverfishDelayBeforeInfestingStone''. Re-saving as default.
[12:54:13] [main/WARN]: Missing required config field 'creativeTabEnabled''. Re-saving as default.
[12:54:13] [main/WARN]: Missing required config field 'ambienceUpdateFogDensity''. Re-saving as default.
[12:54:13] [main/WARN]: Missing required config field 'defaultDataPackNewStrongholds''. Re-saving as default.
[12:54:13] [main/INFO]: Serializing class net.bunten.enderscape.EnderscapeConfig to './config/enderscape.json5'
[12:54:13] [main/ERROR]: No data fixer registered for magnia_sprout
[12:54:13] [main/ERROR]: No data fixer registered for magnia_radio
[12:54:13] [main/INFO]: Enderscape initialized!
[12:54:14] [main/INFO]: Loaded config farmersdelight-common.json
[12:54:14] [main/INFO]: Loaded config farmersdelight-client.json
[12:54:14] [main/INFO]: Deserializing FriendsAndFoesConfig from 'config/friendsandfoes.json'
[12:54:14] [main/WARN]: Found unknown config field 'enableCopperGolem'.
[12:54:14] [main/WARN]: Found unknown config field 'generateCopperGolemWorkstationStructureInVillages'.
[12:54:14] [main/WARN]: Found unknown config field 'copperGolemWorkstationStructureWeight'.
[12:54:14] [main/WARN]: Found unknown config field 'generateCopperGolemInAncientCity'.
[12:54:14] [main/WARN]: Found unknown config field 'copperGolemAncientCityCenterWeight'.
[12:54:14] [main/WARN]: Found unknown config field 'enableCopperGolemsInTrialChambers'.
[12:54:14] [main/WARN]: Found unknown config field 'copperGolemInTrialChambersWeight'.
[12:54:14] [main/WARN]: Found unknown config field 'enableLightningRodOxidation'.
[12:54:14] [main/WARN]: Missing required config field 'crabPotionOfReachingDuration''. Re-saving as default.
[12:54:14] [main/INFO]: Serializing class com.faboslav.friendsandfoes.common.config.FriendsAndFoesConfig to 'config/friendsandfoes.json'
[12:54:15] [main/INFO]: Initializing GraphLib...
[12:54:15] [main/INFO]: GraphLib Initialized.
[12:54:15] [main/INFO]: Why are there so many illagers?
[12:54:15] [main/INFO]: Initializing ServerSide Packet Registries
[12:54:15] [main/INFO]: Definitely not up to no good
[12:54:15] [main/INFO]: MoreFurnaces loaded!
[12:54:15] [main/INFO]: MoreTools loaded!
[12:54:16] [main/INFO]: - Plushables Loaded -
[12:54:16] [main/INFO]: Successfully added mod assets for polychess 0.1.3+1.21.11
[12:54:18] [main/INFO]: Loading polymer-qol config
[12:54:18] [main/INFO]: [REI] Registered plugin provider CommonREIPlugin [farmersdelight] for REICommonPlugin
[12:54:18] [main/INFO]: Registering C2S receiver with id roughlyenoughitems:request_tags_c2s
[12:54:18] [main/INFO]: [REI] Registered plugin provider DefaultPlugin [roughlyenoughitems] for REICommonPlugin
[12:54:18] [main/INFO]: [REI] Registered plugin provider DefaultRuntimePlugin [roughlyenoughitems] for REICommonPlugin
[12:54:18] [main/INFO]: [REI] Registered plugin provider FabricFluidAPISupportPlugin for REICommonPlugin
[12:54:18] [main/INFO]: Registering C2S receiver with id roughlyenoughitems:delete_item
[12:54:18] [main/INFO]: Registering C2S receiver with id roughlyenoughitems:create_item
[12:54:18] [main/INFO]: Registering C2S receiver with id roughlyenoughitems:create_item_grab
[12:54:18] [main/INFO]: Registering C2S receiver with id roughlyenoughitems:create_item_hotbar
[12:54:18] [main/INFO]: Registering C2S receiver with id roughlyenoughitems:move_items_new
[12:54:18] [main/INFO]: Loaded backpack config: large.json
[12:54:18] [main/INFO]: Loaded backpack config: small.json
[12:54:18] [main/INFO]: Loaded backpack config: medium.json
[12:54:18] [main/INFO]: Finished registering 51 items.
[12:54:18] [main/INFO]: SHA1Runtime Initializing
[12:54:18] [main/INFO]: now 35% more secure
[12:54:18] [main/INFO]: Registered region minecraft:overworld to index 0 for type OVERWORLD
[12:54:18] [main/INFO]: Registered region minecraft:nether to index 0 for type NETHER
[12:54:18] [main/INFO]: Registered region woods_and_mires:biomes to index 1 for type OVERWORLD
[12:54:19] [main/INFO]: Enabling Terrestria's Biolith worldgen module.
[12:54:20] [main/ERROR]: Could not load file! Error: java.lang.NullPointerException: Cannot invoke "Object.hashCode()" because "key" is null
[12:54:20] [main/INFO]: Path: null
[12:54:20] [main/INFO]: File: 
{"block_model_type":"full_block","block_resource":{"models":{"default":"minecraft:item/custom/block/concrete/yellow_concrete_bricks"}},"id":"tsa:yellow_concrete_bricks","properties":{"block_base":"minecraft:yellow_concrete","destroy_time":1.8}}
[12:54:21] [main/ERROR]: Could not load file! Error: java.lang.NullPointerException: Cannot invoke "Object.hashCode()" because "key" is null
[12:54:21] [main/INFO]: Path: null
[12:54:21] [main/INFO]: File: 
{"block_model_type":"full_block","block_resource":{"models":{"default":"minecraft:item/custom/block/concrete/white_concrete_bricks"}},"id":"tsa:white_concrete_bricks","properties":{"block_base":"minecraft:white_concrete","destroy_time":1.8}}
[12:54:21] [main/ERROR]: Could not load file! Error: java.lang.NullPointerException: Cannot invoke "Object.hashCode()" because "key" is null
[12:54:21] [main/INFO]: Path: null
[12:54:21] [main/INFO]: File: 
{"block_model_type":"full_block","block_resource":{"models":{"default":"minecraft:item/custom/block/concrete/red_concrete_bricks"}},"id":"tsa:red_concrete_bricks","properties":{"block_base":"minecraft:red_concrete","destroy_time":1.8}}
[12:54:21] [main/ERROR]: Could not load file! Error: java.lang.NullPointerException: Cannot invoke "Object.hashCode()" because "key" is null
[12:54:21] [main/INFO]: Path: null
[12:54:21] [main/INFO]: File: 
{"block_model_type":"full_block","block_resource":{"models":{"default":"minecraft:item/custom/block/concrete/purple_concrete_bricks"}},"id":"tsa:purple_concrete_bricks","properties":{"block_base":"minecraft:purple_concrete","destroy_time":1.8}}
[12:54:21] [main/ERROR]: Could not load file! Error: java.lang.NullPointerException: Cannot invoke "Object.hashCode()" because "key" is null
[12:54:21] [main/INFO]: Path: null
[12:54:21] [main/INFO]: File: 
{"block_model_type":"full_block","block_resource":{"models":{"default":"minecraft:item/custom/block/concrete/pink_concrete_bricks"}},"id":"tsa:pink_concrete_bricks","properties":{"block_base":"minecraft:pink_concrete","destroy_time":1.8}}
[12:54:21] [main/ERROR]: Could not load file! Error: java.lang.NullPointerException
[12:54:21] [main/INFO]: Path: null
[12:54:21] [main/INFO]: File: 
{"block_model_type":"full_block","block_resource":{"models":{"default":"minecraft:item/custom/block/concrete/orange_concrete_bricks"}},"id":"tsa:orange_concrete_bricks","properties":{"block_base":"minecraft:orange_concrete","destroy_time":1.8}}
[12:54:21] [main/ERROR]: Could not load file! Error: java.lang.NullPointerException
[12:54:21] [main/INFO]: Path: null
[12:54:21] [main/INFO]: File: 
{"block_model_type":"full_block","block_resource":{"models":{"default":"minecraft:item/custom/block/concrete/magenta_concrete_bricks"}},"id":"tsa:magenta_concrete_bricks","properties":{"block_base":"minecraft:magenta_concrete","destroy_time":1.8}}
[12:54:21] [main/ERROR]: Could not load file! Error: java.lang.NullPointerException
[12:54:21] [main/INFO]: Path: null
[12:54:21] [main/INFO]: File: 
{"block_model_type":"full_block","block_resource":{"models":{"default":"minecraft:item/custom/block/concrete/lime_concrete_bricks"}},"id":"tsa:lime_concrete_bricks","properties":{"block_base":"minecraft:lime_concrete","destroy_time":1.8}}
[12:54:21] [main/ERROR]: Could not load file! Error: java.lang.NullPointerException
[12:54:21] [main/INFO]: Path: null
[12:54:21] [main/INFO]: File: 
{"block_model_type":"full_block","block_resource":{"models":{"default":"minecraft:item/custom/block/concrete/light_gray_concrete_bricks"}},"id":"tsa:light_gray_concrete_bricks","properties":{"block_base":"minecraft:light_gray_concrete","destroy_time":1.8}}
[12:54:21] [main/ERROR]: Could not load file! Error: java.lang.NullPointerException
[12:54:21] [main/INFO]: Path: null
[12:54:21] [main/INFO]: File: 
{"block_model_type":"full_block","block_resource":{"models":{"default":"minecraft:item/custom/block/concrete/light_blue_concrete_bricks"}},"id":"tsa:light_blue_concrete_bricks","properties":{"block_base":"minecraft:light_blue_concrete","destroy_time":1.8}}
[12:54:22] [main/ERROR]: Could not load file! Error: java.lang.NullPointerException
[12:54:22] [main/INFO]: Path: null
[12:54:22] [main/INFO]: File: 
{"block_model_type":"full_block","block_resource":{"models":{"default":"minecraft:item/custom/block/concrete/green_concrete_bricks"}},"id":"tsa:green_concrete_bricks","properties":{"block_base":"minecraft:green_concrete","destroy_time":1.8}}
[12:54:22] [main/ERROR]: Could not load file! Error: java.lang.NullPointerException
[12:54:22] [main/INFO]: Path: null
[12:54:22] [main/INFO]: File: 
{"block_model_type":"full_block","block_resource":{"models":{"default":"minecraft:item/custom/block/concrete/gray_concrete_bricks"}},"id":"tsa:gray_concrete_bricks","properties":{"block_base":"minecraft:gray_concrete","destroy_time":1.8}}
[12:54:22] [main/ERROR]: Could not load file! Error: java.lang.NullPointerException
[12:54:22] [main/INFO]: Path: null
[12:54:22] [main/INFO]: File: 
{"block_model_type":"full_block","block_resource":{"models":{"default":"minecraft:item/custom/block/concrete/cyan_concrete_bricks"}},"id":"tsa:cyan_concrete_bricks","properties":{"block_base":"minecraft:cyan_concrete","destroy_time":1.8}}
[12:54:22] [main/ERROR]: Could not load file! Error: java.lang.NullPointerException
[12:54:22] [main/INFO]: Path: null
[12:54:22] [main/INFO]: File: 
{"block_model_type":"full_block","block_resource":{"models":{"default":"minecraft:item/custom/block/concrete/brown_concrete_bricks"}},"id":"tsa:brown_concrete_bricks","properties":{"block_base":"minecraft:brown_concrete","destroy_time":1.8}}
[12:54:22] [main/ERROR]: Could not load file! Error: java.lang.NullPointerException
[12:54:22] [main/INFO]: Path: null
[12:54:22] [main/INFO]: File: 
{"block_model_type":"full_block","block_resource":{"models":{"default":"minecraft:item/custom/block/concrete/blue_concrete_bricks"}},"id":"tsa:blue_concrete_bricks","properties":{"block_base":"minecraft:blue_concrete","destroy_time":1.8}}
[12:54:22] [main/ERROR]: Could not load file! Error: java.lang.NullPointerException
[12:54:22] [main/INFO]: Path: null
[12:54:22] [main/INFO]: File: 
{"block_model_type":"full_block","block_resource":{"models":{"default":"minecraft:item/custom/block/concrete/black_concrete_bricks"}},"id":"tsa:black_concrete_bricks","properties":{"block_base":"minecraft:black_concrete","destroy_time":1.8}}
[12:54:22] [main/ERROR]: Could not load file! Error: java.lang.NullPointerException
[12:54:22] [main/INFO]: Path: null
[12:54:22] [main/INFO]: File: 
{"item_resource":{"models":{"default":"minecraft:item/custom/furniture/misc/nails"}},"id":"tsa:nails","vanilla_item":"minecraft:paper","properties":{"stack_size":16.0},"group":"tsa:decorations"}
[12:54:22] [main/ERROR]: Could not load file! Error: java.lang.NullPointerException
[12:54:22] [main/INFO]: Path: null
[12:54:22] [main/INFO]: File: 
{"block_tags":["shulker_boxes"],"blocks":[{"origin":[0.0,0.0,0.0],"size":[2.0,1.0,1.0]}],"item_resource":{"models":{"default":"minecraft:item/custom/furniture/shelves/wooden_warped_wall_shelf"}},"id":"tsa:wooden_warped_wall_shelf","properties":{"destroy_time":2.0,"requires_tool":false,"placement":{"wall":true}},"group":"tsa:warped_furniture"}
[12:54:22] [main/ERROR]: Could not load file! Error: java.lang.NullPointerException
[12:54:22] [main/INFO]: Path: null
[12:54:22] [main/INFO]: File: 
{"block_tags":["shulker_boxes"],"blocks":[{"origin":[0.0,0.0,-1.0],"size":[2.0,1.0,2.0]}],"item_resource":{"models":{"default":"minecraft:item/custom/furniture/tables/wooden_warped_picnic_table"}},"behaviour":{"seat":[{"offset":[0.0,0.3,0.5],"direction":0.0},{"offset":[1.0,0.3,0.5],"direction":0.0},{"offset":[0.0,0.3,-1.5]},{"offset":[1.0,0.3,-1.5]}]},"id":"tsa:wooden_warped_picnic_table","properties":{"rotate":true,"destroy_time":2.0,"requires_tool":false,"rotate_smooth":true},"group":"tsa:warped_furniture"}
[12:54:22] [main/ERROR]: Could not load file! Error: java.lang.NullPointerException
[12:54:22] [main/INFO]: Path: null
[12:54:22] [main/INFO]: File: 
{"block_tags":["shulker_boxes"],"blocks":[{"origin":[0.0,0.0,0.0],"size":[2.0,1.0,1.0]}],"item_resource":{"models":{"default":"minecraft:item/custom/furniture/benches/wooden_warped_bench"}},"behaviour":{"seat":[{"offset":[0.0,0.42,0.0]},{"offset":[1.0,0.42,0.0]}]},"id":"tsa:wooden_warped_bench","properties":{"rotate":true,"destroy_time":2.0,"requires_tool":false,"rotate_smooth":true},"group":"tsa:warped_furniture"}
[12:54:22] [main/ERROR]: Could not load file! Error: java.lang.NullPointerException
[12:54:22] [main/INFO]: Path: null
[12:54:22] [main/INFO]: File: 
{"block_tags":["shulker_boxes"],"blocks":[{"origin":[0.0,0.0,0.0],"size":[1.0,1.0,1.0]}],"item_resource":{"models":{"default":"minecraft:item/custom/furniture/tables/warped_table_center_post"}},"id":"tsa:warped_table_center_post","properties":{"rotate":true,"destroy_time":2.0,"requires_tool":false,"rotate_smooth":true},"group":"tsa:warped_furniture"}
[12:54:23] [main/ERROR]: Could not load file! Error: java.lang.NullPointerException
[12:54:23] [main/INFO]: Path: null
[12:54:23] [main/INFO]: File: 
{"block_tags":["shulker_boxes"],"blocks":[{"origin":[0.0,0.0,0.0],"size":[1.0,1.0,1.0]}],"item_resource":{"models":{"default":"minecraft:item/custom/furniture/tables/warped_table"}},"id":"tsa:warped_table","properties":{"rotate":true,"destroy_time":2.0,"requires_tool":false,"rotate_smooth":true},"group":"tsa:warped_furniture"}
[12:54:23] [main/ERROR]: Could not load file! Error: java.lang.NullPointerException
[12:54:23] [main/INFO]: Path: null
[12:54:23] [main/INFO]: File: 
{"block_tags":["shulker_boxes"],"blocks":[{"origin":[0.0,0.0,0.0],"size":[2.0,1.0,1.0]}],"item_resource":{"models":{"default":"minecraft:item/custom/furniture/boards/warped_sidetable"}},"id":"tsa:warped_sidetable","properties":{"rotate":true,"destroy_time":2.0,"requires_tool":false},"group":"tsa:warped_furniture"}
[12:54:23] [main/ERROR]: Could not load file! Error: java.lang.NullPointerException
[12:54:23] [main/INFO]: Path: null
[12:54:23] [main/INFO]: File: 
{"block_tags":["shulker_boxes"],"blocks":[{"origin":[0.0,0.0,0.0],"size":[2.0,2.0,1.0]}],"item_resource":{"models":{"default":"minecraft:item/custom/furniture/shelves/warped_shelf"}},"behaviour":{"showcase":[{"offset":[0.2,0.38,0.0],"scale":[0.3,0.3,0.3]},{"offset":[0.2,0.94,0.0],"scale":[0.3,0.3,0.3]},{"offset":[0.2,1.57,0.0],"scale":[0.3,0.3,0.3]},{"offset":[0.8,0.38,0.0],"scale":[0.3,0.3,0.3]},{"offset":[0.8,0.94,0.0],"scale":[0.3,0.3,0.3]},{"offset":[0.8,1.57,0.0],"scale":[0.3,0.3,0.3]}]},"id":"tsa:warped_shelf","properties":{"rotate":true,"destroy_time":2.0,"requires_tool":false},"group":"tsa:warped_furniture"}
[12:54:23] [main/ERROR]: Could not load file! Error: java.lang.NullPointerException
[12:54:23] [main/INFO]: Path: null
[12:54:23] [main/INFO]: File: 
{"block_tags":["shulker_boxes"],"blocks":[{"origin":[0.0,0.0,0.0],"size":[2.0,1.0,1.0]}],"item_resource":{"models":{"default":"minecraft:item/custom/furniture/benches/warped_park_bench"}},"behaviour":{"seat":[{"offset":[0.0,0.35,0.0]},{"offset":[1.0,0.35,0.0]}]},"id":"tsa:warped_park_bench","properties":{"rotate":true,"destroy_time":2.0,"requires_tool":false,"rotate_smooth":true},"group":"tsa:warped_furniture"}
[12:54:23] [main/ERROR]: Could not load file! Error: java.lang.NullPointerException
[12:54:23] [main/INFO]: Path: null
[12:54:23] [main/INFO]: File: 
{"block_tags":["shulker_boxes"],"blocks":[{"origin":[0.0,0.0,0.0],"size":[1.0,1.0,1.0]}],"item_resource":{"models":{"default":"minecraft:item/custom/furniture/boards/warped_end_table_cabinet"}},"id":"tsa:warped_end_table_cabinet","properties":{"rotate":true,"destroy_time":2.0,"requires_tool":false,"rotate_smooth":true},"group":"tsa:warped_furniture"}
[12:54:23] [main/ERROR]: Could not load file! Error: java.lang.NullPointerException
[12:54:23] [main/INFO]: Path: null
[12:54:23] [main/INFO]: File: 
{"block_tags":["shulker_boxes"],"blocks":[{"origin":[0.0,0.0,0.0],"size":[2.0,2.0,1.0]}],"item_resource":{"models":{"default":"minecraft:item/custom/furniture/boards/warped_dresser"}},"id":"tsa:warped_dresser","properties":{"rotate":true,"destroy_time":2.0,"requires_tool":false},"group":"tsa:warped_furniture"}
[12:54:23] [main/ERROR]: Could not load file! Error: java.lang.NullPointerException
[12:54:23] [main/INFO]: Path: null
[12:54:23] [main/INFO]: File: 
{"components":{"minecraft:dyed_color":[1.0,1.0,1.0]},"block_tags":["shulker_boxes"],"blocks":[{"origin":[0.0,0.0,0.0],"size":[1.0,1.0,1.0]}],"item_resource":{"models":{"default":"minecraft:item/custom/furniture/chairs/warped_chair_with_cushion"}},"behaviour":{"seat":[{"offset":[0.0,0.5,-0.05]}]},"id":"tsa:warped_chair_with_cushion","vanilla_item":"minecraft:leather_horse_armor","properties":{"rotate":true,"destroy_time":2.0,"requires_tool":false,"rotate_smooth":true},"group":"tsa:warped_furniture"}
[12:54:23] [main/ERROR]: Could not load file! Error: java.lang.NullPointerException
[12:54:23] [main/INFO]: Path: null
[12:54:23] [main/INFO]: File: 
{"block_tags":["shulker_boxes"],"blocks":[{"origin":[0.0,0.0,0.0],"size":[1.0,1.0,1.0]}],"item_resource":{"models":{"default":"minecraft:item/custom/furniture/chairs/warped_chair"}},"behaviour":{"seat":[{"offset":[0.0,0.45,-0.05]}]},"id":"tsa:warped_chair","properties":{"rotate":true,"destroy_time":2.0,"requires_tool":false,"rotate_smooth":true},"group":"tsa:warped_furniture"}
[12:54:23] [main/ERROR]: Could not load file! Error: java.lang.NullPointerException
[12:54:23] [main/INFO]: Path: null
[12:54:23] [main/INFO]: File: 
{"block_tags":["shulker_boxes"],"blocks":[{"origin":[0.0,0.0,0.0],"size":[2.0,2.0,1.0]}],"item_resource":{"models":{"default":"minecraft:item/custom/furniture/boards/warped_cabinet"}},"id":"tsa:warped_cabinet","properties":{"rotate":true,"destroy_time":2.0,"requires_tool":false},"group":"tsa:warped_furniture"}
[12:54:23] [main/ERROR]: Could not load file! Error: java.lang.NullPointerException
[12:54:23] [main/INFO]: Path: null
[12:54:23] [main/INFO]: File: 
{"block_tags":["shulker_boxes"],"blocks":[{"origin":[0.0,0.0,0.0],"size":[2.0,1.0,1.0]}],"item_resource":{"models":{"default":"minecraft:item/custom/furniture/benches/warped_bench"}},"behaviour":{"seat":[{"offset":[0.0,0.42,0.0]},{"offset":[1.0,0.42,0.0]}]},"id":"tsa:warped_bench","properties":{"rotate":true,"destroy_time":2.0,"requires_tool":false,"rotate_smooth":true},"group":"tsa:warped_furniture"}
[12:54:23] [main/ERROR]: Could not load file! Error: java.lang.NullPointerException
[12:54:23] [main/INFO]: Path: null
[12:54:23] [main/INFO]: File: 
{"block_tags":["shulker_boxes"],"blocks":[{"origin":[0.0,0.0,0.0],"size":[1.0,1.0,1.0]}],"item_resource":{"models":{"default":"minecraft:item/custom/furniture/tables/small_warped_table"}},"id":"tsa:small_warped_table","properties":{"rotate":true,"destroy_time":2.0,"requires_tool":false,"rotate_smooth":true},"group":"tsa:warped_furniture"}
[12:54:23] [main/ERROR]: Could not load file! Error: java.lang.NullPointerException
[12:54:23] [main/INFO]: Path: null
[12:54:23] [main/INFO]: File: 
{"block_tags":["shulker_boxes"],"blocks":[{"origin":[0.0,0.0,0.0],"size":[1.0,2.0,1.0]}],"item_resource":{"models":{"default":"minecraft:item/custom/furniture/boards/small_warped_dresser"}},"id":"tsa:small_warped_dresser","properties":{"rotate":true,"destroy_time":2.0,"requires_tool":false},"group":"tsa:warped_furniture"}
[12:54:23] [main/ERROR]: Could not load file! Error: java.lang.NullPointerException
[12:54:23] [main/INFO]: Path: null
[12:54:23] [main/INFO]: File: 
{"block_tags":["shulker_boxes"],"blocks":[{"origin":[0.0,0.0,0.0],"size":[1.0,2.0,1.0]}],"item_resource":{"models":{"default":"minecraft:item/custom/furniture/shelves/slim_warped_shelf"}},"behaviour":{"showcase":[{"offset":[0.0,0.725,0.0],"scale":[0.5,0.5,0.5]},{"offset":[0.0,1.475,0.0],"scale":[0.5,0.5,0.5]}]},"id":"tsa:slim_warped_shelf","properties":{"rotate":true,"destroy_time":2.0,"requires_tool":false},"group":"tsa:warped_furniture"}
[12:54:24] [main/ERROR]: Could not load file! Error: java.lang.NullPointerException
[12:54:24] [main/INFO]: Path: null
[12:54:24] [main/INFO]: File: 
{"block_tags":["shulker_boxes"],"blocks":[{"origin":[0.0,0.0,0.0],"size":[2.0,3.0,1.0]}],"item_resource":{"models":{"default":"minecraft:item/custom/furniture/boards/large_warped_cabinet"}},"id":"tsa:large_warped_cabinet","properties":{"rotate":true,"destroy_time":2.0,"requires_tool":false},"group":"tsa:warped_furniture"}
[12:54:24] [main/ERROR]: Could not load file! Error: java.lang.NullPointerException
[12:54:24] [main/INFO]: Path: null
[12:54:24] [main/INFO]: File: 
{"block_tags":["shulker_boxes"],"blocks":[{"origin":[0.0,0.0,0.0],"size":[2.0,1.0,1.0]}],"item_resource":{"models":{"default":"minecraft:item/custom/furniture/shelves/iron_warped_wall_shelf"}},"id":"tsa:iron_warped_wall_shelf","properties":{"destroy_time":2.0,"requires_tool":false,"placement":{"wall":true}},"group":"tsa:warped_furniture"}
[12:54:24] [main/ERROR]: Could not load file! Error: java.lang.NullPointerException
[12:54:24] [main/INFO]: Path: null
[12:54:24] [main/INFO]: File: 
{"block_tags":["shulker_boxes"],"item_resource":{"models":{"default":"minecraft:item/custom/furniture/misc/cut_warped_planks"}},"id":"tsa:cut_warped_planks","properties":{"rotate":true,"rotate_smooth":true},"group":"tsa:warped_furniture"}
[12:54:24] [main/ERROR]: Could not load file! Error: java.lang.NullPointerException
[12:54:24] [main/INFO]: Path: null
[12:54:24] [main/INFO]: File: 
{"block_tags":["shulker_boxes"],"blocks":[{"origin":[0.0,0.0,0.0],"size":[2.0,1.0,1.0]}],"item_resource":{"models":{"default":"minecraft:item/custom/furniture/shelves/wooden_spruce_wall_shelf"}},"id":"tsa:wooden_spruce_wall_shelf","properties":{"destroy_time":2.0,"requires_tool":false,"placement":{"wall":true}},"group":"tsa:spruce_furniture"}
[12:54:24] [main/ERROR]: Could not load file! Error: java.lang.NullPointerException
[12:54:24] [main/INFO]: Path: null
[12:54:24] [main/INFO]: File: 
{"block_tags":["shulker_boxes"],"blocks":[{"origin":[0.0,0.0,-1.0],"size":[2.0,1.0,2.0]}],"item_resource":{"models":{"default":"minecraft:item/custom/furniture/tables/wooden_spruce_picnic_table"}},"behaviour":{"seat":[{"offset":[0.0,0.3,0.5],"direction":0.0},{"offset":[1.0,0.3,0.5],"direction":0.0},{"offset":[0.0,0.3,-1.5]},{"offset":[1.0,0.3,-1.5]}]},"id":"tsa:wooden_spruce_picnic_table","properties":{"rotate":true,"destroy_time":2.0,"requires_tool":false,"rotate_smooth":true},"group":"tsa:spruce_furniture"}
[12:54:24] [main/ERROR]: Could not load file! Error: java.lang.NullPointerException
[12:54:24] [main/INFO]: Path: null
[12:54:24] [main/INFO]: File: 
{"block_tags":["shulker_boxes"],"blocks":[{"origin":[0.0,0.0,0.0],"size":[2.0,1.0,1.0]}],"item_resource":{"models":{"default":"minecraft:item/custom/furniture/benches/wooden_spruce_bench"}},"behaviour":{"seat":[{"offset":[0.0,0.42,0.0]},{"offset":[1.0,0.42,0.0]}]},"id":"tsa:wooden_spruce_bench","properties":{"rotate":true,"destroy_time":2.0,"requires_tool":false,"rotate_smooth":true},"group":"tsa:spruce_furniture"}
[12:54:24] [main/ERROR]: Could not load file! Error: java.lang.NullPointerException
[12:54:24] [main/INFO]: Path: null
[12:54:24] [main/INFO]: File: 
{"block_tags":["shulker_boxes"],"blocks":[{"origin":[0.0,0.0,0.0],"size":[1.0,1.0,1.0]}],"item_resource":{"models":{"default":"minecraft:item/custom/furniture/tables/spruce_table_center_post"}},"id":"tsa:spruce_table_center_post","properties":{"rotate":true,"destroy_time":2.0,"requires_tool":false,"rotate_smooth":true},"group":"tsa:spruce_furniture"}
[12:54:24] [main/ERROR]: Could not load file! Error: java.lang.NullPointerException
[12:54:24] [main/INFO]: Path: null
[12:54:24] [main/INFO]: File: 
{"block_tags":["shulker_boxes"],"blocks":[{"origin":[0.0,0.0,0.0],"size":[1.0,1.0,1.0]}],"item_resource":{"models":{"default":"minecraft:item/custom/furniture/tables/spruce_table"}},"id":"tsa:spruce_table","properties":{"rotate":true,"destroy_time":2.0,"requires_tool":false,"rotate_smooth":true},"group":"tsa:spruce_furniture"}
[12:54:24] [main/ERROR]: Could not load file! Error: java.lang.NullPointerException
[12:54:24] [main/INFO]: Path: null
[12:54:24] [main/INFO]: File: 
{"block_tags":["shulker_boxes"],"blocks":[{"origin":[0.0,0.0,0.0],"size":[2.0,1.0,1.0]}],"item_resource":{"models":{"default":"minecraft:item/custom/furniture/boards/spruce_sidetable"}},"id":"tsa:spruce_sidetable","properties":{"rotate":true,"destroy_time":2.0,"requires_tool":false},"group":"tsa:spruce_furniture"}
[12:54:24] [main/ERROR]: Could not load file! Error: java.lang.NullPointerException
[12:54:24] [main/INFO]: Path: null
[12:54:24] [main/INFO]: File: 
{"block_tags":["shulker_boxes"],"blocks":[{"origin":[0.0,0.0,0.0],"size":[2.0,2.0,1.0]}],"item_resource":{"models":{"default":"minecraft:item/custom/furniture/shelves/spruce_shelf"}},"behaviour":{"showcase":[{"offset":[0.2,0.38,0.0],"scale":[0.3,0.3,0.3]},{"offset":[0.2,0.94,0.0],"scale":[0.3,0.3,0.3]},{"offset":[0.2,1.57,0.0],"scale":[0.3,0.3,0.3]},{"offset":[0.8,0.38,0.0],"scale":[0.3,0.3,0.3]},{"offset":[0.8,0.94,0.0],"scale":[0.3,0.3,0.3]},{"offset":[0.8,1.57,0.0],"scale":[0.3,0.3,0.3]}]},"id":"tsa:spruce_shelf","properties":{"rotate":true,"destroy_time":2.0,"requires_tool":false},"group":"tsa:spruce_furniture"}
[12:54:24] [main/ERROR]: Could not load file! Error: java.lang.NullPointerException
[12:54:24] [main/INFO]: Path: null
[12:54:24] [main/INFO]: File: 
{"block_tags":["shulker_boxes"],"blocks":[{"origin":[0.0,0.0,0.0],"size":[2.0,1.0,1.0]}],"item_resource":{"models":{"default":"minecraft:item/custom/furniture/benches/spruce_park_bench"}},"behaviour":{"seat":[{"offset":[0.0,0.35,0.0]},{"offset":[1.0,0.35,0.0]}]},"id":"tsa:spruce_park_bench","properties":{"rotate":true,"destroy_time":2.0,"requires_tool":false,"rotate_smooth":true},"group":"tsa:spruce_furniture"}
[12:54:24] [main/ERROR]: Could not load file! Error: java.lang.NullPointerException
[12:54:24] [main/INFO]: Path: null
[12:54:24] [main/INFO]: File: 
{"block_tags":["shulker_boxes"],"blocks":[{"origin":[0.0,0.0,0.0],"size":[1.0,1.0,1.0]}],"item_resource":{"models":{"default":"minecraft:item/custom/furniture/boards/spruce_end_table_cabinet"}},"id":"tsa:spruce_end_table_cabinet","properties":{"rotate":true,"destroy_time":2.0,"requires_tool":false,"rotate_smooth":true},"group":"tsa:spruce_furniture"}
[12:54:24] [main/ERROR]: Could not load file! Error: java.lang.NullPointerException
[12:54:24] [main/INFO]: Path: null
[12:54:24] [main/INFO]: File: 
{"block_tags":["shulker_boxes"],"blocks":[{"origin":[0.0,0.0,0.0],"size":[2.0,2.0,1.0]}],"item_resource":{"models":{"default":"minecraft:item/custom/furniture/boards/spruce_dresser"}},"id":"tsa:spruce_dresser","properties":{"rotate":true,"destroy_time":2.0,"requires_tool":false},"group":"tsa:spruce_furniture"}
[12:54:24] [main/ERROR]: Could not load file! Error: java.lang.NullPointerException
[12:54:24] [main/INFO]: Path: null
[12:54:24] [main/INFO]: File: 
{"components":{"minecraft:dyed_color":[1.0,1.0,1.0]},"block_tags":["shulker_boxes"],"blocks":[{"origin":[0.0,0.0,0.0],"size":[1.0,1.0,1.0]}],"item_resource":{"models":{"default":"minecraft:item/custom/furniture/chairs/spruce_chair_with_cushion"}},"behaviour":{"seat":[{"offset":[0.0,0.5,-0.05]}]},"id":"tsa:spruce_chair_with_cushion","vanilla_item":"minecraft:leather_horse_armor","properties":{"rotate":true,"destroy_time":2.0,"requires_tool":false,"rotate_smooth":true},"group":"tsa:spruce_furniture"}
[12:54:25] [main/ERROR]: Could not load file! Error: java.lang.NullPointerException
[12:54:25] [main/INFO]: Path: null
[12:54:25] [main/INFO]: File: 
{"block_tags":["shulker_boxes"],"blocks":[{"origin":[0.0,0.0,0.0],"size":[1.0,1.0,1.0]}],"item_resource":{"models":{"default":"minecraft:item/custom/furniture/chairs/spruce_chair"}},"behaviour":{"seat":[{"offset":[0.0,0.45,-0.05]}]},"id":"tsa:spruce_chair","properties":{"rotate":true,"destroy_time":2.0,"requires_tool":false,"rotate_smooth":true},"group":"tsa:spruce_furniture"}
[12:54:25] [main/ERROR]: Could not load file! Error: java.lang.NullPointerException
[12:54:25] [main/INFO]: Path: null
[12:54:25] [main/INFO]: File: 
{"block_tags":["shulker_boxes"],"blocks":[{"origin":[0.0,0.0,0.0],"size":[2.0,2.0,1.0]}],"item_resource":{"models":{"default":"minecraft:item/custom/furniture/boards/spruce_cabinet"}},"id":"tsa:spruce_cabinet","properties":{"rotate":true,"destroy_time":2.0,"requires_tool":false},"group":"tsa:spruce_furniture"}
[12:54:25] [main/ERROR]: Could not load file! Error: java.lang.NullPointerException
[12:54:25] [main/INFO]: Path: null
[12:54:25] [main/INFO]: File: 
{"block_tags":["shulker_boxes"],"blocks":[{"origin":[0.0,0.0,0.0],"size":[2.0,1.0,1.0]}],"item_resource":{"models":{"default":"minecraft:item/custom/furniture/benches/spruce_bench"}},"behaviour":{"seat":[{"offset":[0.0,0.42,0.0]},{"offset":[1.0,0.42,0.0]}]},"id":"tsa:spruce_bench","properties":{"rotate":true,"destroy_time":2.0,"requires_tool":false,"rotate_smooth":true},"group":"tsa:spruce_furniture"}
[12:54:25] [main/ERROR]: Could not load file! Error: java.lang.NullPointerException
[12:54:25] [main/INFO]: Path: null
[12:54:25] [main/INFO]: File: 
{"block_tags":["shulker_boxes"],"blocks":[{"origin":[0.0,0.0,0.0],"size":[1.0,1.0,1.0]}],"item_resource":{"models":{"default":"minecraft:item/custom/furniture/tables/small_spruce_table"}},"id":"tsa:small_spruce_table","properties":{"rotate":true,"destroy_time":2.0,"requires_tool":false,"rotate_smooth":true},"group":"tsa:spruce_furniture"}
[12:54:25] [main/ERROR]: Could not load file! Error: java.lang.NullPointerException
[12:54:25] [main/INFO]: Path: null
[12:54:25] [main/INFO]: File: 
{"block_tags":["shulker_boxes"],"blocks":[{"origin":[0.0,0.0,0.0],"size":[1.0,2.0,1.0]}],"item_resource":{"models":{"default":"minecraft:item/custom/furniture/boards/small_spruce_dresser"}},"id":"tsa:small_spruce_dresser","properties":{"rotate":true,"destroy_time":2.0,"requires_tool":false},"group":"tsa:spruce_furniture"}
[12:54:25] [main/ERROR]: Could not load file! Error: java.lang.NullPointerException
[12:54:25] [main/INFO]: Path: null
[12:54:25] [main/INFO]: File: 
{"block_tags":["shulker_boxes"],"blocks":[{"origin":[0.0,0.0,0.0],"size":[1.0,2.0,1.0]}],"item_resource":{"models":{"default":"minecraft:item/custom/furniture/shelves/slim_spruce_shelf"}},"behaviour":{"showcase":[{"offset":[0.0,0.725,0.0],"scale":[0.5,0.5,0.5]},{"offset":[0.0,1.475,0.0],"scale":[0.5,0.5,0.5]}]},"id":"tsa:slim_spruce_shelf","properties":{"rotate":true,"destroy_time":2.0,"requires_tool":false},"group":"tsa:spruce_furniture"}
[12:54:25] [main/ERROR]: Could not load file! Error: java.lang.NullPointerException
[12:54:25] [main/INFO]: Path: null
[12:54:25] [main/INFO]: File: 
{"block_tags":["shulker_boxes"],"blocks":[{"origin":[0.0,0.0,0.0],"size":[2.0,3.0,1.0]}],"item_resource":{"models":{"default":"minecraft:item/custom/furniture/boards/large_spruce_cabinet"}},"id":"tsa:large_spruce_cabinet","properties":{"rotate":true,"destroy_time":2.0,"requires_tool":false},"group":"tsa:spruce_furniture"}
[12:54:25] [main/ERROR]: Could not load file! Error: java.lang.NullPointerException
[12:54:25] [main/INFO]: Path: null
[12:54:25] [main/INFO]: File: 
{"block_tags":["shulker_boxes"],"blocks":[{"origin":[0.0,0.0,0.0],"size":[2.0,1.0,1.0]}],"item_resource":{"models":{"default":"minecraft:item/custom/furniture/shelves/iron_spruce_wall_shelf"}},"id":"tsa:iron_spruce_wall_shelf","properties":{"destroy_time":2.0,"requires_tool":false,"placement":{"wall":true}},"group":"tsa:spruce_furniture"}
[12:54:25] [main/ERROR]: Could not load file! Error: java.lang.NullPointerException
[12:54:25] [main/INFO]: Path: null
[12:54:25] [main/INFO]: File: 
{"block_tags":["shulker_boxes"],"item_resource":{"models":{"default":"minecraft:item/custom/furniture/misc/cut_spruce_planks"}},"id":"tsa:cut_spruce_planks","properties":{"rotate":true,"rotate_smooth":true},"group":"tsa:spruce_furniture"}
[12:54:25] [main/ERROR]: Could not load file! Error: java.lang.NullPointerException
[12:54:25] [main/INFO]: Path: null
[12:54:25] [main/INFO]: File: 
{"block_tags":["shulker_boxes"],"blocks":[{"origin":[0.0,0.0,0.0],"size":[2.0,1.0,1.0]}],"item_resource":{"models":{"default":"minecraft:item/custom/furniture/shelves/wooden_paleoak_wall_shelf"}},"id":"tsa:wooden_paleoak_wall_shelf","properties":{"destroy_time":2.0,"requires_tool":false,"placement":{"wall":true}},"group":"tsa:paleoak_furniture"}
[12:54:25] [main/ERROR]: Could not load file! Error: java.lang.NullPointerException
[12:54:25] [main/INFO]: Path: null
[12:54:25] [main/INFO]: File: 
{"block_tags":["shulker_boxes"],"blocks":[{"origin":[0.0,0.0,-1.0],"size":[2.0,1.0,2.0]}],"item_resource":{"models":{"default":"minecraft:item/custom/furniture/tables/wooden_paleoak_picnic_table"}},"behaviour":{"seat":[{"offset":[0.0,0.3,0.5],"direction":0.0},{"offset":[1.0,0.3,0.5],"direction":0.0},{"offset":[0.0,0.3,-1.5]},{"offset":[1.0,0.3,-1.5]}]},"id":"tsa:wooden_paleoak_picnic_table","properties":{"rotate":true,"destroy_time":2.0,"requires_tool":false,"rotate_smooth":true},"group":"tsa:paleoak_furniture"}
[12:54:25] [main/ERROR]: Could not load file! Error: java.lang.NullPointerException
[12:54:25] [main/INFO]: Path: null
[12:54:25] [main/INFO]: File: 
{"block_tags":["shulker_boxes"],"blocks":[{"origin":[0.0,0.0,0.0],"size":[2.0,1.0,1.0]}],"item_resource":{"models":{"default":"minecraft:item/custom/furniture/benches/wooden_paleoak_bench"}},"behaviour":{"seat":[{"offset":[0.0,0.42,0.0]},{"offset":[1.0,0.42,0.0]}]},"id":"tsa:wooden_paleoak_bench","properties":{"rotate":true,"destroy_time":2.0,"requires_tool":false,"rotate_smooth":true},"group":"tsa:paleoak_furniture"}
[12:54:25] [main/ERROR]: Could not load file! Error: java.lang.NullPointerException
[12:54:25] [main/INFO]: Path: null
[12:54:25] [main/INFO]: File: 
{"block_tags":["shulker_boxes"],"blocks":[{"origin":[0.0,0.0,0.0],"size":[1.0,1.0,1.0]}],"item_resource":{"models":{"default":"minecraft:item/custom/furniture/tables/small_paleoak_table"}},"id":"tsa:small_paleoak_table","properties":{"rotate":true,"destroy_time":2.0,"requires_tool":false,"rotate_smooth":true},"group":"tsa:paleoak_furniture"}
[12:54:25] [main/ERROR]: Could not load file! Error: java.lang.NullPointerException
[12:54:25] [main/INFO]: Path: null
[12:54:25] [main/INFO]: File: 
{"block_tags":["shulker_boxes"],"blocks":[{"origin":[0.0,0.0,0.0],"size":[1.0,2.0,1.0]}],"item_resource":{"models":{"default":"minecraft:item/custom/furniture/boards/small_paleoak_dresser"}},"id":"tsa:small_paleoak_dresser","properties":{"rotate":true,"destroy_time":2.0,"requires_tool":false},"group":"tsa:paleoak_furniture"}
[12:54:25] [main/ERROR]: Could not load file! Error: java.lang.NullPointerException
[12:54:25] [main/INFO]: Path: null
[12:54:25] [main/INFO]: File: 
{"block_tags":["shulker_boxes"],"blocks":[{"origin":[0.0,0.0,0.0],"size":[1.0,2.0,1.0]}],"item_resource":{"models":{"default":"minecraft:item/custom/furniture/shelves/slim_paleoak_shelf"}},"behaviour":{"showcase":[{"offset":[0.0,0.725,0.0],"scale":[0.5,0.5,0.5]},{"offset":[0.0,1.475,0.0],"scale":[0.5,0.5,0.5]}]},"id":"tsa:slim_paleoak_shelf","properties":{"rotate":true,"destroy_time":2.0,"requires_tool":false},"group":"tsa:paleoak_furniture"}
[12:54:25] [main/ERROR]: Could not load file! Error: java.lang.NullPointerException
[12:54:25] [main/INFO]: Path: null
[12:54:25] [main/INFO]: File: 
{"block_tags":["shulker_boxes"],"blocks":[{"origin":[0.0,0.0,0.0],"size":[1.0,1.0,1.0]}],"item_resource":{"models":{"default":"minecraft:item/custom/furniture/tables/paleoak_table_center_post"}},"id":"tsa:paleoak_table_center_post","properties":{"rotate":true,"destroy_time":2.0,"requires_tool":false,"rotate_smooth":true},"group":"tsa:paleoak_furniture"}
[12:54:25] [main/ERROR]: Could not load file! Error: java.lang.NullPointerException
[12:54:25] [main/INFO]: Path: null
[12:54:25] [main/INFO]: File: 
{"block_tags":["shulker_boxes"],"blocks":[{"origin":[0.0,0.0,0.0],"size":[1.0,1.0,1.0]}],"item_resource":{"models":{"default":"minecraft:item/custom/furniture/tables/paleoak_table"}},"id":"tsa:paleoak_table","properties":{"rotate":true,"destroy_time":2.0,"requires_tool":false,"rotate_smooth":true},"group":"tsa:paleoak_furniture"}
[12:54:26] [main/ERROR]: Could not load file! Error: java.lang.NullPointerException
[12:54:26] [main/INFO]: Path: null
[12:54:26] [main/INFO]: File: 
{"block_tags":["shulker_boxes"],"blocks":[{"origin":[0.0,0.0,0.0],"size":[2.0,1.0,1.0]}],"item_resource":{"models":{"default":"minecraft:item/custom/furniture/boards/paleoak_sidetable"}},"id":"tsa:paleoak_sidetable","properties":{"rotate":true,"destroy_time":2.0,"requires_tool":false},"group":"tsa:paleoak_furniture"}
[12:54:26] [main/ERROR]: Could not load file! Error: java.lang.NullPointerException
[12:54:26] [main/INFO]: Path: null
[12:54:26] [main/INFO]: File: 
{"block_tags":["shulker_boxes"],"blocks":[{"origin":[0.0,0.0,0.0],"size":[2.0,2.0,1.0]}],"item_resource":{"models":{"default":"minecraft:item/custom/furniture/shelves/paleoak_shelf"}},"behaviour":{"showcase":[{"offset":[0.2,0.38,0.0],"scale":[0.3,0.3,0.3]},{"offset":[0.2,0.94,0.0],"scale":[0.3,0.3,0.3]},{"offset":[0.2,1.57,0.0],"scale":[0.3,0.3,0.3]},{"offset":[0.8,0.38,0.0],"scale":[0.3,0.3,0.3]},{"offset":[0.8,0.94,0.0],"scale":[0.3,0.3,0.3]},{"offset":[0.8,1.57,0.0],"scale":[0.3,0.3,0.3]}]},"id":"tsa:paleoak_shelf","properties":{"rotate":true,"destroy_time":2.0,"requires_tool":false},"group":"tsa:paleoak_furniture"}
[12:54:26] [main/ERROR]: Could not load file! Error: java.lang.NullPointerException
[12:54:26] [main/INFO]: Path: null
[12:54:26] [main/INFO]: File: 
{"block_tags":["shulker_boxes"],"blocks":[{"origin":[0.0,0.0,0.0],"size":[2.0,1.0,1.0]}],"item_resource":{"models":{"default":"minecraft:item/custom/furniture/benches/paleoak_park_bench"}},"behaviour":{"seat":[{"offset":[0.0,0.35,0.0]},{"offset":[1.0,0.35,0.0]}]},"id":"tsa:paleoak_park_bench","properties":{"rotate":true,"destroy_time":2.0,"requires_tool":false,"rotate_smooth":true},"group":"tsa:paleoak_furniture"}
[12:54:26] [main/ERROR]: Could not load file! Error: java.lang.NullPointerException
[12:54:26] [main/INFO]: Path: null
[12:54:26] [main/INFO]: File: 
{"block_tags":["shulker_boxes"],"blocks":[{"origin":[0.0,0.0,0.0],"size":[1.0,1.0,1.0]}],"item_resource":{"models":{"default":"minecraft:item/custom/furniture/boards/paleoak_end_table_cabinet"}},"id":"tsa:paleoak_end_table_cabinet","properties":{"rotate":true,"destroy_time":2.0,"requires_tool":false,"rotate_smooth":true},"group":"tsa:paleoak_furniture"}
[12:54:26] [main/ERROR]: Could not load file! Error: java.lang.NullPointerException
[12:54:26] [main/INFO]: Path: null
[12:54:26] [main/INFO]: File: 
{"block_tags":["shulker_boxes"],"blocks":[{"origin":[0.0,0.0,0.0],"size":[2.0,2.0,1.0]}],"item_resource":{"models":{"default":"minecraft:item/custom/furniture/boards/paleoak_dresser"}},"id":"tsa:paleoak_dresser","properties":{"rotate":true,"destroy_time":2.0,"requires_tool":false},"group":"tsa:paleoak_furniture"}
[12:54:26] [main/ERROR]: Could not load file! Error: java.lang.NullPointerException
[12:54:26] [main/INFO]: Path: null
[12:54:26] [main/INFO]: File: 
{"components":{"minecraft:dyed_color":[1.0,1.0,1.0]},"block_tags":["shulker_boxes"],"blocks":[{"origin":[0.0,0.0,0.0],"size":[1.0,1.0,1.0]}],"item_resource":{"models":{"default":"minecraft:item/custom/furniture/chairs/paleoak_chair_with_cushion"}},"behaviour":{"seat":[{"offset":[0.0,0.5,-0.05]}]},"id":"tsa:paleoak_chair_with_cushion","vanilla_item":"minecraft:leather_horse_armor","properties":{"rotate":true,"destroy_time":2.0,"requires_tool":false,"rotate_smooth":true},"group":"tsa:paleoak_furniture"}
[12:54:26] [main/ERROR]: Could not load file! Error: java.lang.NullPointerException
[12:54:26] [main/INFO]: Path: null
[12:54:26] [main/INFO]: File: 
{"block_tags":["shulker_boxes"],"blocks":[{"origin":[0.0,0.0,0.0],"size":[1.0,1.0,1.0]}],"item_resource":{"models":{"default":"minecraft:item/custom/furniture/chairs/paleoak_chair"}},"behaviour":{"seat":[{"offset":[0.0,0.45,-0.05]}]},"id":"tsa:paleoak_chair","properties":{"rotate":true,"destroy_time":2.0,"requires_tool":false,"rotate_smooth":true},"group":"tsa:paleoak_furniture"}
[12:54:26] [main/ERROR]: Could not load file! Error: java.lang.NullPointerException
[12:54:26] [main/INFO]: Path: null
[12:54:26] [main/INFO]: File: 
{"block_tags":["shulker_boxes"],"blocks":[{"origin":[0.0,0.0,0.0],"size":[2.0,2.0,1.0]}],"item_resource":{"models":{"default":"minecraft:item/custom/furniture/boards/paleoak_cabinet"}},"id":"tsa:paleoak_cabinet","properties":{"rotate":true,"destroy_time":2.0,"requires_tool":false},"group":"tsa:paleoak_furniture"}
[12:54:26] [main/ERROR]: Could not load file! Error: java.lang.NullPointerException
[12:54:26] [main/INFO]: Path: null
[12:54:26] [main/INFO]: File: 
{"block_tags":["shulker_boxes"],"blocks":[{"origin":[0.0,0.0,0.0],"size":[2.0,1.0,1.0]}],"item_resource":{"models":{"default":"minecraft:item/custom/furniture/benches/paleoak_bench"}},"behaviour":{"seat":[{"offset":[0.0,0.42,0.0]},{"offset":[1.0,0.42,0.0]}]},"id":"tsa:paleoak_bench","properties":{"rotate":true,"destroy_time":2.0,"requires_tool":false,"rotate_smooth":true},"group":"tsa:paleoak_furniture"}
[12:54:26] [main/ERROR]: Could not load file! Error: java.lang.NullPointerException
[12:54:26] [main/INFO]: Path: null
[12:54:26] [main/INFO]: File: 
{"block_tags":["shulker_boxes"],"blocks":[{"origin":[0.0,0.0,0.0],"size":[2.0,3.0,1.0]}],"item_resource":{"models":{"default":"minecraft:item/custom/furniture/boards/large_paleoak_cabinet"}},"id":"tsa:large_paleoak_cabinet","properties":{"rotate":true,"destroy_time":2.0,"requires_tool":false},"group":"tsa:paleoak_furniture"}
[12:54:26] [main/ERROR]: Could not load file! Error: java.lang.NullPointerException
[12:54:26] [main/INFO]: Path: null
[12:54:26] [main/INFO]: File: 
{"block_tags":["shulker_boxes"],"blocks":[{"origin":[0.0,0.0,0.0],"size":[2.0,1.0,1.0]}],"item_resource":{"models":{"default":"minecraft:item/custom/furniture/shelves/iron_paleoak_wall_shelf"}},"id":"tsa:iron_paleoak_wall_shelf","properties":{"destroy_time":2.0,"requires_tool":false,"placement":{"wall":true}},"group":"tsa:paleoak_furniture"}
[12:54:26] [main/ERROR]: Could not load file! Error: java.lang.NullPointerException
[12:54:26] [main/INFO]: Path: null
[12:54:26] [main/INFO]: File: 
{"block_tags":["shulker_boxes"],"item_resource":{"models":{"default":"minecraft:item/custom/furniture/misc/cut_paleoak_planks"}},"id":"tsa:cut_paleoak_planks","properties":{"rotate":true,"rotate_smooth":true},"group":"tsa:paleoak_furniture"}
[12:54:26] [main/ERROR]: Could not load file! Error: java.lang.NullPointerException
[12:54:26] [main/INFO]: Path: null
[12:54:26] [main/INFO]: File: 
{"block_tags":["shulker_boxes"],"blocks":[{"origin":[0.0,0.0,0.0],"size":[2.0,1.0,1.0]}],"item_resource":{"models":{"default":"minecraft:item/custom/furniture/shelves/wooden_oak_wall_shelf"}},"id":"tsa:wooden_oak_wall_shelf","properties":{"destroy_time":2.0,"requires_tool":false,"placement":{"wall":true}},"group":"tsa:oak_furniture"}
[12:54:26] [main/ERROR]: Could not load file! Error: java.lang.NullPointerException
[12:54:26] [main/INFO]: Path: null
[12:54:26] [main/INFO]: File: 
{"block_tags":["shulker_boxes"],"blocks":[{"origin":[0.0,0.0,-1.0],"size":[2.0,1.0,2.0]}],"item_resource":{"models":{"default":"minecraft:item/custom/furniture/tables/wooden_oak_picnic_table"}},"behaviour":{"seat":[{"offset":[0.0,0.3,0.5],"direction":0.0},{"offset":[1.0,0.3,0.5],"direction":0.0},{"offset":[0.0,0.3,-1.5]},{"offset":[1.0,0.3,-1.5]}]},"id":"tsa:wooden_oak_picnic_table","properties":{"rotate":true,"destroy_time":2.0,"requires_tool":false,"rotate_smooth":true},"group":"tsa:oak_furniture"}
[12:54:26] [main/ERROR]: Could not load file! Error: java.lang.NullPointerException
[12:54:26] [main/INFO]: Path: null
[12:54:26] [main/INFO]: File: 
{"block_tags":["shulker_boxes"],"blocks":[{"origin":[0.0,0.0,0.0],"size":[2.0,1.0,1.0]}],"item_resource":{"models":{"default":"minecraft:item/custom/furniture/benches/wooden_oak_bench"}},"behaviour":{"seat":[{"offset":[0.0,0.42,0.0]},{"offset":[1.0,0.42,0.0]}]},"id":"tsa:wooden_oak_bench","properties":{"rotate":true,"destroy_time":2.0,"requires_tool":false,"rotate_smooth":true},"group":"tsa:oak_furniture"}
[12:54:26] [main/ERROR]: Could not load file! Error: java.lang.NullPointerException
[12:54:26] [main/INFO]: Path: null
[12:54:26] [main/INFO]: File: 
{"block_tags":["shulker_boxes"],"blocks":[{"origin":[0.0,0.0,0.0],"size":[1.0,1.0,1.0]}],"item_resource":{"models":{"default":"minecraft:item/custom/furniture/tables/small_oak_table"}},"id":"tsa:small_oak_table","properties":{"rotate":true,"destroy_time":2.0,"requires_tool":false,"rotate_smooth":true},"group":"tsa:oak_furniture"}
[12:54:26] [main/ERROR]: Could not load file! Error: java.lang.NullPointerException
[12:54:26] [main/INFO]: Path: null
[12:54:26] [main/INFO]: File: 
{"block_tags":["shulker_boxes"],"blocks":[{"origin":[0.0,0.0,0.0],"size":[1.0,2.0,1.0]}],"item_resource":{"models":{"default":"minecraft:item/custom/furniture/boards/small_oak_dresser"}},"id":"tsa:small_oak_dresser","properties":{"rotate":true,"destroy_time":2.0,"requires_tool":false},"group":"tsa:oak_furniture"}
[12:54:26] [main/ERROR]: Could not load file! Error: java.lang.NullPointerException
[12:54:26] [main/INFO]: Path: null
[12:54:26] [main/INFO]: File: 
{"block_tags":["shulker_boxes"],"blocks":[{"origin":[0.0,0.0,0.0],"size":[1.0,2.0,1.0]}],"item_resource":{"models":{"default":"minecraft:item/custom/furniture/shelves/slim_oak_shelf"}},"behaviour":{"showcase":[{"offset":[0.0,0.725,0.0],"scale":[0.5,0.5,0.5]},{"offset":[0.0,1.475,0.0],"scale":[0.5,0.5,0.5]}]},"id":"tsa:slim_oak_shelf","properties":{"rotate":true,"destroy_time":2.0,"requires_tool":false},"group":"tsa:oak_furniture"}
[12:54:26] [main/ERROR]: Could not load file! Error: java.lang.NullPointerException
[12:54:26] [main/INFO]: Path: null
[12:54:26] [main/INFO]: File: 
{"block_tags":["shulker_boxes"],"blocks":[{"origin":[0.0,0.0,0.0],"size":[1.0,1.0,1.0]}],"item_resource":{"models":{"default":"minecraft:item/custom/furniture/tables/oak_table_center_post"}},"id":"tsa:oak_table_center_post","properties":{"rotate":true,"destroy_time":2.0,"requires_tool":false,"rotate_smooth":true},"group":"tsa:oak_furniture"}
[12:54:26] [main/ERROR]: Could not load file! Error: java.lang.NullPointerException
[12:54:26] [main/INFO]: Path: null
[12:54:26] [main/INFO]: File: 
{"block_tags":["shulker_boxes"],"blocks":[{"origin":[0.0,0.0,0.0],"size":[1.0,1.0,1.0]}],"item_resource":{"models":{"default":"minecraft:item/custom/furniture/tables/oak_table"}},"id":"tsa:oak_table","properties":{"rotate":true,"destroy_time":2.0,"requires_tool":false,"rotate_smooth":true},"group":"tsa:oak_furniture"}
[12:54:26] [main/ERROR]: Could not load file! Error: java.lang.NullPointerException
[12:54:26] [main/INFO]: Path: null
[12:54:26] [main/INFO]: File: 
{"block_tags":["shulker_boxes"],"blocks":[{"origin":[0.0,0.0,0.0],"size":[2.0,1.0,1.0]}],"item_resource":{"models":{"default":"minecraft:item/custom/furniture/boards/oak_sidetable"}},"id":"tsa:oak_sidetable","properties":{"rotate":true,"destroy_time":2.0,"requires_tool":false},"group":"tsa:oak_furniture"}
[12:54:26] [main/ERROR]: Could not load file! Error: java.lang.NullPointerException
[12:54:26] [main/INFO]: Path: null
[12:54:26] [main/INFO]: File: 
{"block_tags":["shulker_boxes"],"blocks":[{"origin":[0.0,0.0,0.0],"size":[2.0,2.0,1.0]}],"item_resource":{"models":{"default":"minecraft:item/custom/furniture/shelves/oak_shelf"}},"behaviour":{"showcase":[{"offset":[0.2,0.38,0.0],"scale":[0.3,0.3,0.3]},{"offset":[0.2,0.94,0.0],"scale":[0.3,0.3,0.3]},{"offset":[0.2,1.57,0.0],"scale":[0.3,0.3,0.3]},{"offset":[0.8,0.38,0.0],"scale":[0.3,0.3,0.3]},{"offset":[0.8,0.94,0.0],"scale":[0.3,0.3,0.3]},{"offset":[0.8,1.57,0.0],"scale":[0.3,0.3,0.3]}]},"id":"tsa:oak_shelf","properties":{"rotate":true,"destroy_time":2.0,"requires_tool":false},"group":"tsa:oak_furniture"}
[12:54:26] [main/ERROR]: Could not load file! Error: java.lang.NullPointerException
[12:54:26] [main/INFO]: Path: null
[12:54:26] [main/INFO]: File: 
{"block_tags":["shulker_boxes"],"blocks":[{"origin":[0.0,0.0,0.0],"size":[2.0,1.0,1.0]}],"item_resource":{"models":{"default":"minecraft:item/custom/furniture/benches/oak_park_bench"}},"behaviour":{"seat":[{"offset":[0.0,0.35,0.0]},{"offset":[1.0,0.35,0.0]}]},"id":"tsa:oak_park_bench","properties":{"rotate":true,"destroy_time":2.0,"requires_tool":false,"rotate_smooth":true},"group":"tsa:oak_furniture"}
[12:54:26] [main/ERROR]: Could not load file! Error: java.lang.NullPointerException
[12:54:26] [main/INFO]: Path: null
[12:54:26] [main/INFO]: File: 
{"block_tags":["shulker_boxes"],"blocks":[{"origin":[0.0,0.0,0.0],"size":[1.0,1.0,1.0]}],"item_resource":{"models":{"default":"minecraft:item/custom/furniture/boards/oak_end_table_cabinet"}},"id":"tsa:oak_end_table_cabinet","properties":{"rotate":true,"destroy_time":2.0,"requires_tool":false,"rotate_smooth":true},"group":"tsa:oak_furniture"}
[12:54:26] [main/ERROR]: Could not load file! Error: java.lang.NullPointerException
[12:54:26] [main/INFO]: Path: null
[12:54:26] [main/INFO]: File: 
{"block_tags":["shulker_boxes"],"blocks":[{"origin":[0.0,0.0,0.0],"size":[2.0,2.0,1.0]}],"item_resource":{"models":{"default":"minecraft:item/custom/furniture/boards/oak_dresser"}},"id":"tsa:oak_dresser","properties":{"rotate":true,"destroy_time":2.0,"requires_tool":false},"group":"tsa:oak_furniture"}
[12:54:27] [main/ERROR]: Could not load file! Error: java.lang.NullPointerException
[12:54:27] [main/INFO]: Path: null
[12:54:27] [main/INFO]: File: 
{"components":{"minecraft:dyed_color":[1.0,1.0,1.0]},"block_tags":["shulker_boxes"],"blocks":[{"origin":[0.0,0.0,0.0],"size":[1.0,1.0,1.0]}],"item_resource":{"models":{"default":"minecraft:item/custom/furniture/chairs/oak_chair_with_cushion"}},"behaviour":{"seat":[{"offset":[0.0,0.5,-0.05]}]},"id":"tsa:oak_chair_with_cushion","vanilla_item":"minecraft:leather_horse_armor","properties":{"rotate":true,"destroy_time":2.0,"requires_tool":false,"rotate_smooth":true},"group":"tsa:oak_furniture"}
[12:54:27] [main/ERROR]: Could not load file! Error: java.lang.NullPointerException
[12:54:27] [main/INFO]: Path: null
[12:54:27] [main/INFO]: File: 
{"block_tags":["shulker_boxes"],"blocks":[{"origin":[0.0,0.0,0.0],"size":[1.0,1.0,1.0]}],"item_resource":{"models":{"default":"minecraft:item/custom/furniture/chairs/oak_chair"}},"behaviour":{"seat":[{"offset":[0.0,0.45,-0.05]}]},"id":"tsa:oak_chair","properties":{"rotate":true,"destroy_time":2.0,"requires_tool":false,"rotate_smooth":true},"group":"tsa:oak_furniture"}
[12:54:27] [main/ERROR]: Could not load file! Error: java.lang.NullPointerException
[12:54:27] [main/INFO]: Path: null
[12:54:27] [main/INFO]: File: 
{"block_tags":["shulker_boxes"],"blocks":[{"origin":[0.0,0.0,0.0],"size":[2.0,2.0,1.0]}],"item_resource":{"models":{"default":"minecraft:item/custom/furniture/boards/oak_cabinet"}},"id":"tsa:oak_cabinet","properties":{"rotate":true,"destroy_time":2.0,"requires_tool":false},"group":"tsa:oak_furniture"}
[12:54:27] [main/ERROR]: Could not load file! Error: java.lang.NullPointerException
[12:54:27] [main/INFO]: Path: null
[12:54:27] [main/INFO]: File: 
{"block_tags":["shulker_boxes"],"blocks":[{"origin":[0.0,0.0,0.0],"size":[2.0,1.0,1.0]}],"item_resource":{"models":{"default":"minecraft:item/custom/furniture/benches/oak_bench"}},"behaviour":{"seat":[{"offset":[0.0,0.42,0.0]},{"offset":[1.0,0.42,0.0]}]},"id":"tsa:oak_bench","properties":{"rotate":true,"destroy_time":2.0,"requires_tool":false,"rotate_smooth":true},"group":"tsa:oak_furniture"}
[12:54:27] [main/ERROR]: Could not load file! Error: java.lang.NullPointerException
[12:54:27] [main/INFO]: Path: null
[12:54:27] [main/INFO]: File: 
{"block_tags":["shulker_boxes"],"blocks":[{"origin":[0.0,0.0,0.0],"size":[2.0,3.0,1.0]}],"item_resource":{"models":{"default":"minecraft:item/custom/furniture/boards/large_oak_cabinet"}},"id":"tsa:large_oak_cabinet","properties":{"rotate":true,"destroy_time":2.0,"requires_tool":false},"group":"tsa:oak_furniture"}
[12:54:27] [main/ERROR]: Could not load file! Error: java.lang.NullPointerException
[12:54:27] [main/INFO]: Path: null
[12:54:27] [main/INFO]: File: 
{"block_tags":["shulker_boxes"],"blocks":[{"origin":[0.0,0.0,0.0],"size":[2.0,1.0,1.0]}],"item_resource":{"models":{"default":"minecraft:item/custom/furniture/shelves/iron_oak_wall_shelf"}},"id":"tsa:iron_oak_wall_shelf","properties":{"destroy_time":2.0,"requires_tool":false,"placement":{"wall":true}},"group":"tsa:oak_furniture"}
[12:54:27] [main/ERROR]: Could not load file! Error: java.lang.NullPointerException
[12:54:27] [main/INFO]: Path: null
[12:54:27] [main/INFO]: File: 
{"block_tags":["shulker_boxes"],"item_resource":{"models":{"default":"minecraft:item/custom/furniture/misc/cut_oak_planks"}},"id":"tsa:cut_oak_planks","properties":{"rotate":true,"rotate_smooth":true},"group":"tsa:oak_furniture"}
[12:54:27] [main/ERROR]: Could not load file! Error: java.lang.NullPointerException
[12:54:27] [main/INFO]: Path: null
[12:54:27] [main/INFO]: File: 
{"components":{"minecraft:dyed_color":[1.0,1.0,1.0]},"size":[1.0,0.2],"block_tags":["shulker_boxes"],"item_resource":{"models":{"default":"minecraft:item/custom/furniture/misc/striped_towel"}},"id":"tsa:striped_towel","vanilla_item":"minecraft:leather_horse_armor","properties":{"rotate":true,"rotate_smooth":true},"group":"tsa:decorations"}
[12:54:27] [main/ERROR]: Could not load file! Error: java.lang.NullPointerException
[12:54:27] [main/INFO]: Path: null
[12:54:27] [main/INFO]: File: 
{"block_tags":["shulker_boxes"],"blocks":[{"origin":[0.0,0.0,0.0],"size":[1.0,1.0,1.0]}],"item_resource":{"models":{"default":"minecraft:item/custom/furniture/misc/stone_brick_pile"}},"id":"tsa:stone_brick_pile","properties":{"rotate":true,"destroy_time":2.0,"requires_tool":false,"rotate_smooth":true},"group":"tsa:decorations"}
[12:54:27] [main/ERROR]: Could not load file! Error: java.lang.NullPointerException
[12:54:27] [main/INFO]: Path: null
[12:54:27] [main/INFO]: File: 
{"block_tags":["shulker_boxes"],"item_resource":{"models":{"default":"minecraft:item/custom/furniture/misc/small_gold_coin_piles"}},"id":"tsa:small_gold_coin_piles","properties":{"rotate":true,"rotate_smooth":true},"group":"tsa:decorations"}
[12:54:27] [main/ERROR]: Could not load file! Error: java.lang.NullPointerException
[12:54:27] [main/INFO]: Path: null
[12:54:27] [main/INFO]: File: 
{"block_tags":["shulker_boxes"],"item_resource":{"models":{"default":"minecraft:item/custom/furniture/misc/scattered_gold_coins"}},"id":"tsa:scattered_gold_coins","properties":{"rotate":true,"rotate_smooth":true},"group":"tsa:decorations"}
[12:54:27] [main/ERROR]: Could not load file! Error: java.lang.NullPointerException
[12:54:27] [main/INFO]: Path: null
[12:54:27] [main/INFO]: File: 
{"block_tags":["shulker_boxes"],"blocks":[{"origin":[0.0,0.0,0.0],"size":[1.0,1.0,1.0]}],"item_resource":{"models":{"default":"minecraft:item/custom/furniture/misc/pile_of_iron_ingots"}},"id":"tsa:pile_of_iron_ingots","properties":{"rotate":true,"destroy_time":2.0,"requires_tool":false,"rotate_smooth":true},"group":"tsa:decorations"}
[12:54:27] [main/ERROR]: Could not load file! Error: java.lang.NullPointerException
[12:54:27] [main/INFO]: Path: null
[12:54:27] [main/INFO]: File: 
{"block_tags":["shulker_boxes"],"blocks":[{"origin":[0.0,0.0,0.0],"size":[1.0,1.0,1.0]}],"item_resource":{"models":{"default":"minecraft:item/custom/furniture/misc/pile_of_gold_ingots"}},"id":"tsa:pile_of_gold_ingots","properties":{"rotate":true,"destroy_time":2.0,"requires_tool":false,"rotate_smooth":true},"group":"tsa:decorations"}
[12:54:27] [main/ERROR]: Could not load file! Error: java.lang.NullPointerException
[12:54:27] [main/INFO]: Path: null
[12:54:27] [main/INFO]: File: 
{"block_tags":["shulker_boxes"],"item_resource":{"models":{"default":"minecraft:item/custom/furniture/misc/document_stack"}},"id":"tsa:document_stack","properties":{"rotate":true,"rotate_smooth":true},"group":"tsa:decorations"}
[12:54:27] [main/ERROR]: Could not load file! Error: java.lang.NullPointerException
[12:54:27] [main/INFO]: Path: null
[12:54:27] [main/INFO]: File: 
{"block_tags":["shulker_boxes"],"blocks":[{"origin":[0.0,0.0,0.0],"size":[2.0,1.0,1.0]}],"item_resource":{"models":{"default":"minecraft:item/custom/furniture/shelves/wooden_mangrove_wall_shelf"}},"id":"tsa:wooden_mangrove_wall_shelf","properties":{"destroy_time":2.0,"requires_tool":false,"placement":{"wall":true}},"group":"tsa:mangrove_furniture"}
[12:54:27] [main/ERROR]: Could not load file! Error: java.lang.NullPointerException
[12:54:27] [main/INFO]: Path: null
[12:54:27] [main/INFO]: File: 
{"block_tags":["shulker_boxes"],"blocks":[{"origin":[0.0,0.0,-1.0],"size":[2.0,1.0,2.0]}],"item_resource":{"models":{"default":"minecraft:item/custom/furniture/tables/wooden_mangrove_picnic_table"}},"behaviour":{"seat":[{"offset":[0.0,0.3,0.5],"direction":0.0},{"offset":[1.0,0.3,0.5],"direction":0.0},{"offset":[0.0,0.3,-1.5]},{"offset":[1.0,0.3,-1.5]}]},"id":"tsa:wooden_mangrove_picnic_table","properties":{"rotate":true,"destroy_time":2.0,"requires_tool":false,"rotate_smooth":true},"group":"tsa:mangrove_furniture"}
[12:54:27] [main/ERROR]: Could not load file! Error: java.lang.NullPointerException
[12:54:27] [main/INFO]: Path: null
[12:54:27] [main/INFO]: File: 
{"block_tags":["shulker_boxes"],"blocks":[{"origin":[0.0,0.0,0.0],"size":[2.0,1.0,1.0]}],"item_resource":{"models":{"default":"minecraft:item/custom/furniture/benches/wooden_mangrove_bench"}},"behaviour":{"seat":[{"offset":[0.0,0.42,0.0]},{"offset":[1.0,0.42,0.0]}]},"id":"tsa:wooden_mangrove_bench","properties":{"rotate":true,"destroy_time":2.0,"requires_tool":false,"rotate_smooth":true},"group":"tsa:mangrove_furniture"}
[12:54:27] [main/ERROR]: Could not load file! Error: java.lang.NullPointerException
[12:54:27] [main/INFO]: Path: null
[12:54:27] [main/INFO]: File: 
{"block_tags":["shulker_boxes"],"blocks":[{"origin":[0.0,0.0,0.0],"size":[1.0,1.0,1.0]}],"item_resource":{"models":{"default":"minecraft:item/custom/furniture/tables/small_mangrove_table"}},"id":"tsa:small_mangrove_table","properties":{"rotate":true,"destroy_time":2.0,"requires_tool":false,"rotate_smooth":true},"group":"tsa:mangrove_furniture"}
[12:54:27] [main/ERROR]: Could not load file! Error: java.lang.NullPointerException
[12:54:27] [main/INFO]: Path: null
[12:54:27] [main/INFO]: File: 
{"block_tags":["shulker_boxes"],"blocks":[{"origin":[0.0,0.0,0.0],"size":[1.0,2.0,1.0]}],"item_resource":{"models":{"default":"minecraft:item/custom/furniture/boards/small_mangrove_dresser"}},"id":"tsa:small_mangrove_dresser","properties":{"rotate":true,"destroy_time":2.0,"requires_tool":false},"group":"tsa:mangrove_furniture"}
[12:54:27] [main/ERROR]: Could not load file! Error: java.lang.NullPointerException
[12:54:27] [main/INFO]: Path: null
[12:54:27] [main/INFO]: File: 
{"block_tags":["shulker_boxes"],"blocks":[{"origin":[0.0,0.0,0.0],"size":[1.0,2.0,1.0]}],"item_resource":{"models":{"default":"minecraft:item/custom/furniture/shelves/slim_mangrove_shelf"}},"behaviour":{"showcase":[{"offset":[0.0,0.725,0.0],"scale":[0.5,0.5,0.5]},{"offset":[0.0,1.475,0.0],"scale":[0.5,0.5,0.5]}]},"id":"tsa:slim_mangrove_shelf","properties":{"rotate":true,"destroy_time":2.0,"requires_tool":false},"group":"tsa:mangrove_furniture"}
[12:54:27] [main/ERROR]: Could not load file! Error: java.lang.NullPointerException
[12:54:27] [main/INFO]: Path: null
[12:54:27] [main/INFO]: File: 
{"block_tags":["shulker_boxes"],"blocks":[{"origin":[0.0,0.0,0.0],"size":[1.0,1.0,1.0]}],"item_resource":{"models":{"default":"minecraft:item/custom/furniture/tables/mangrove_table_center_post"}},"id":"tsa:mangrove_table_center_post","properties":{"rotate":true,"destroy_time":2.0,"requires_tool":false,"rotate_smooth":true},"group":"tsa:mangrove_furniture"}
[12:54:27] [main/ERROR]: Could not load file! Error: java.lang.NullPointerException
[12:54:27] [main/INFO]: Path: null
[12:54:27] [main/INFO]: File: 
{"block_tags":["shulker_boxes"],"blocks":[{"origin":[0.0,0.0,0.0],"size":[1.0,1.0,1.0]}],"item_resource":{"models":{"default":"minecraft:item/custom/furniture/tables/mangrove_table"}},"id":"tsa:mangrove_table","properties":{"rotate":true,"destroy_time":2.0,"requires_tool":false,"rotate_smooth":true},"group":"tsa:mangrove_furniture"}
[12:54:27] [main/ERROR]: Could not load file! Error: java.lang.NullPointerException
[12:54:27] [main/INFO]: Path: null
[12:54:27] [main/INFO]: File: 
{"block_tags":["shulker_boxes"],"blocks":[{"origin":[0.0,0.0,0.0],"size":[2.0,1.0,1.0]}],"item_resource":{"models":{"default":"minecraft:item/custom/furniture/boards/mangrove_sidetable"}},"id":"tsa:mangrove_sidetable","properties":{"rotate":true,"destroy_time":2.0,"requires_tool":false},"group":"tsa:mangrove_furniture"}
[12:54:27] [main/ERROR]: Could not load file! Error: java.lang.NullPointerException
[12:54:27] [main/INFO]: Path: null
[12:54:27] [main/INFO]: File: 
{"block_tags":["shulker_boxes"],"blocks":[{"origin":[0.0,0.0,0.0],"size":[2.0,2.0,1.0]}],"item_resource":{"models":{"default":"minecraft:item/custom/furniture/shelves/mangrove_shelf"}},"behaviour":{"showcase":[{"offset":[0.2,0.38,0.0],"scale":[0.3,0.3,0.3]},{"offset":[0.2,0.94,0.0],"scale":[0.3,0.3,0.3]},{"offset":[0.2,1.57,0.0],"scale":[0.3,0.3,0.3]},{"offset":[0.8,0.38,0.0],"scale":[0.3,0.3,0.3]},{"offset":[0.8,0.94,0.0],"scale":[0.3,0.3,0.3]},{"offset":[0.8,1.57,0.0],"scale":[0.3,0.3,0.3]}]},"id":"tsa:mangrove_shelf","properties":{"rotate":true,"destroy_time":2.0,"requires_tool":false},"group":"tsa:mangrove_furniture"}
[12:54:27] [main/ERROR]: Could not load file! Error: java.lang.NullPointerException
[12:54:27] [main/INFO]: Path: null
[12:54:27] [main/INFO]: File: 
{"block_tags":["shulker_boxes"],"blocks":[{"origin":[0.0,0.0,0.0],"size":[2.0,1.0,1.0]}],"item_resource":{"models":{"default":"minecraft:item/custom/furniture/benches/mangrove_park_bench"}},"behaviour":{"seat":[{"offset":[0.0,0.35,0.0]},{"offset":[1.0,0.35,0.0]}]},"id":"tsa:mangrove_park_bench","properties":{"rotate":true,"destroy_time":2.0,"requires_tool":false,"rotate_smooth":true},"group":"tsa:mangrove_furniture"}
[12:54:27] [main/ERROR]: Could not load file! Error: java.lang.NullPointerException
[12:54:27] [main/INFO]: Path: null
[12:54:27] [main/INFO]: File: 
{"block_tags":["shulker_boxes"],"blocks":[{"origin":[0.0,0.0,0.0],"size":[1.0,1.0,1.0]}],"item_resource":{"models":{"default":"minecraft:item/custom/furniture/boards/mangrove_end_table_cabinet"}},"id":"tsa:mangrove_end_table_cabinet","properties":{"rotate":true,"destroy_time":2.0,"requires_tool":false,"rotate_smooth":true},"group":"tsa:mangrove_furniture"}
[12:54:27] [main/ERROR]: Could not load file! Error: java.lang.NullPointerException
[12:54:27] [main/INFO]: Path: null
[12:54:27] [main/INFO]: File: 
{"block_tags":["shulker_boxes"],"blocks":[{"origin":[0.0,0.0,0.0],"size":[2.0,2.0,1.0]}],"item_resource":{"models":{"default":"minecraft:item/custom/furniture/boards/mangrove_dresser"}},"id":"tsa:mangrove_dresser","properties":{"rotate":true,"destroy_time":2.0,"requires_tool":false},"group":"tsa:mangrove_furniture"}
[12:54:27] [main/ERROR]: Could not load file! Error: java.lang.NullPointerException
[12:54:27] [main/INFO]: Path: null
[12:54:27] [main/INFO]: File: 
{"components":{"minecraft:dyed_color":[1.0,1.0,1.0]},"block_tags":["shulker_boxes"],"blocks":[{"origin":[0.0,0.0,0.0],"size":[1.0,1.0,1.0]}],"item_resource":{"models":{"default":"minecraft:item/custom/furniture/chairs/mangrove_chair_with_cushion"}},"behaviour":{"seat":[{"offset":[0.0,0.5,-0.05]}]},"id":"tsa:mangrove_chair_with_cushion","vanilla_item":"minecraft:leather_horse_armor","properties":{"rotate":true,"destroy_time":2.0,"requires_tool":false,"rotate_smooth":true},"group":"tsa:mangrove_furniture"}
[12:54:27] [main/ERROR]: Could not load file! Error: java.lang.NullPointerException
[12:54:27] [main/INFO]: Path: null
[12:54:27] [main/INFO]: File: 
{"block_tags":["shulker_boxes"],"blocks":[{"origin":[0.0,0.0,0.0],"size":[1.0,1.0,1.0]}],"item_resource":{"models":{"default":"minecraft:item/custom/furniture/chairs/mangrove_chair"}},"behaviour":{"seat":[{"offset":[0.0,0.45,-0.05]}]},"id":"tsa:mangrove_chair","properties":{"rotate":true,"destroy_time":2.0,"requires_tool":false,"rotate_smooth":true},"group":"tsa:mangrove_furniture"}
[12:54:27] [main/ERROR]: Could not load file! Error: java.lang.NullPointerException
[12:54:27] [main/INFO]: Path: null
[12:54:27] [main/INFO]: File: 
{"block_tags":["shulker_boxes"],"blocks":[{"origin":[0.0,0.0,0.0],"size":[2.0,2.0,1.0]}],"item_resource":{"models":{"default":"minecraft:item/custom/furniture/boards/mangrove_cabinet"}},"id":"tsa:mangrove_cabinet","properties":{"rotate":true,"destroy_time":2.0,"requires_tool":false},"group":"tsa:mangrove_furniture"}
[12:54:28] [main/ERROR]: Could not load file! Error: java.lang.NullPointerException
[12:54:28] [main/INFO]: Path: null
[12:54:28] [main/INFO]: File: 
{"block_tags":["shulker_boxes"],"blocks":[{"origin":[0.0,0.0,0.0],"size":[2.0,1.0,1.0]}],"item_resource":{"models":{"default":"minecraft:item/custom/furniture/benches/mangrove_bench"}},"behaviour":{"seat":[{"offset":[0.0,0.42,0.0]},{"offset":[1.0,0.42,0.0]}]},"id":"tsa:mangrove_bench","properties":{"rotate":true,"destroy_time":2.0,"requires_tool":false,"rotate_smooth":true},"group":"tsa:mangrove_furniture"}
[12:54:28] [main/ERROR]: Could not load file! Error: java.lang.NullPointerException
[12:54:28] [main/INFO]: Path: null
[12:54:28] [main/INFO]: File: 
{"block_tags":["shulker_boxes"],"blocks":[{"origin":[0.0,0.0,0.0],"size":[2.0,3.0,1.0]}],"item_resource":{"models":{"default":"minecraft:item/custom/furniture/boards/large_mangrove_cabinet"}},"id":"tsa:large_mangrove_cabinet","properties":{"rotate":true,"destroy_time":2.0,"requires_tool":false},"group":"tsa:mangrove_furniture"}
[12:54:28] [main/ERROR]: Could not load file! Error: java.lang.NullPointerException
[12:54:28] [main/INFO]: Path: null
[12:54:28] [main/INFO]: File: 
{"block_tags":["shulker_boxes"],"blocks":[{"origin":[0.0,0.0,0.0],"size":[2.0,1.0,1.0]}],"item_resource":{"models":{"default":"minecraft:item/custom/furniture/shelves/iron_mangrove_wall_shelf"}},"id":"tsa:iron_mangrove_wall_shelf","properties":{"destroy_time":2.0,"requires_tool":false,"placement":{"wall":true}},"group":"tsa:mangrove_furniture"}
[12:54:28] [main/ERROR]: Could not load file! Error: java.lang.NullPointerException
[12:54:28] [main/INFO]: Path: null
[12:54:28] [main/INFO]: File: 
{"block_tags":["shulker_boxes"],"item_resource":{"models":{"default":"minecraft:item/custom/furniture/misc/cut_mangrove_planks"}},"id":"tsa:cut_mangrove_planks","properties":{"rotate":true,"rotate_smooth":true},"group":"tsa:mangrove_furniture"}
[12:54:28] [main/ERROR]: Could not load file! Error: java.lang.NullPointerException
[12:54:28] [main/INFO]: Path: null
[12:54:28] [main/INFO]: File: 
{"block_tags":["shulker_boxes"],"blocks":[{"origin":[0.0,0.0,0.0],"size":[2.0,1.0,1.0]}],"item_resource":{"models":{"default":"minecraft:item/custom/furniture/shelves/wooden_jungle_wall_shelf"}},"id":"tsa:wooden_jungle_wall_shelf","properties":{"destroy_time":2.0,"requires_tool":false,"placement":{"wall":true}},"group":"tsa:jungle_furniture"}
[12:54:28] [main/ERROR]: Could not load file! Error: java.lang.NullPointerException
[12:54:28] [main/INFO]: Path: null
[12:54:28] [main/INFO]: File: 
{"block_tags":["shulker_boxes"],"blocks":[{"origin":[0.0,0.0,-1.0],"size":[2.0,1.0,2.0]}],"item_resource":{"models":{"default":"minecraft:item/custom/furniture/tables/wooden_jungle_picnic_table"}},"behaviour":{"seat":[{"offset":[0.0,0.3,0.5],"direction":0.0},{"offset":[1.0,0.3,0.5],"direction":0.0},{"offset":[0.0,0.3,-1.5]},{"offset":[1.0,0.3,-1.5]}]},"id":"tsa:wooden_jungle_picnic_table","properties":{"rotate":true,"destroy_time":2.0,"requires_tool":false,"rotate_smooth":true},"group":"tsa:jungle_furniture"}
[12:54:28] [main/ERROR]: Could not load file! Error: java.lang.NullPointerException
[12:54:28] [main/INFO]: Path: null
[12:54:28] [main/INFO]: File: 
{"block_tags":["shulker_boxes"],"blocks":[{"origin":[0.0,0.0,0.0],"size":[2.0,1.0,1.0]}],"item_resource":{"models":{"default":"minecraft:item/custom/furniture/benches/wooden_jungle_bench"}},"behaviour":{"seat":[{"offset":[0.0,0.42,0.0]},{"offset":[1.0,0.42,0.0]}]},"id":"tsa:wooden_jungle_bench","properties":{"rotate":true,"destroy_time":2.0,"requires_tool":false,"rotate_smooth":true},"group":"tsa:jungle_furniture"}
[12:54:28] [main/ERROR]: Could not load file! Error: java.lang.NullPointerException
[12:54:28] [main/INFO]: Path: null
[12:54:28] [main/INFO]: File: 
{"block_tags":["shulker_boxes"],"blocks":[{"origin":[0.0,0.0,0.0],"size":[1.0,1.0,1.0]}],"item_resource":{"models":{"default":"minecraft:item/custom/furniture/tables/small_jungle_table"}},"id":"tsa:small_jungle_table","properties":{"rotate":true,"destroy_time":2.0,"requires_tool":false,"rotate_smooth":true},"group":"tsa:jungle_furniture"}
[12:54:28] [main/ERROR]: Could not load file! Error: java.lang.NullPointerException
[12:54:28] [main/INFO]: Path: null
[12:54:28] [main/INFO]: File: 
{"block_tags":["shulker_boxes"],"blocks":[{"origin":[0.0,0.0,0.0],"size":[1.0,2.0,1.0]}],"item_resource":{"models":{"default":"minecraft:item/custom/furniture/boards/small_jungle_dresser"}},"id":"tsa:small_jungle_dresser","properties":{"rotate":true,"destroy_time":2.0,"requires_tool":false},"group":"tsa:jungle_furniture"}
[12:54:28] [main/ERROR]: Could not load file! Error: java.lang.NullPointerException
[12:54:28] [main/INFO]: Path: null
[12:54:28] [main/INFO]: File: 
{"block_tags":["shulker_boxes"],"blocks":[{"origin":[0.0,0.0,0.0],"size":[1.0,2.0,1.0]}],"item_resource":{"models":{"default":"minecraft:item/custom/furniture/shelves/slim_jungle_shelf"}},"behaviour":{"showcase":[{"offset":[0.0,0.725,0.0],"scale":[0.5,0.5,0.5]},{"offset":[0.0,1.475,0.0],"scale":[0.5,0.5,0.5]}]},"id":"tsa:slim_jungle_shelf","properties":{"rotate":true,"destroy_time":2.0,"requires_tool":false},"group":"tsa:jungle_furniture"}
[12:54:28] [main/ERROR]: Could not load file! Error: java.lang.NullPointerException
[12:54:28] [main/INFO]: Path: null
[12:54:28] [main/INFO]: File: 
{"block_tags":["shulker_boxes"],"blocks":[{"origin":[0.0,0.0,0.0],"size":[2.0,3.0,1.0]}],"item_resource":{"models":{"default":"minecraft:item/custom/furniture/boards/large_jungle_cabinet"}},"id":"tsa:large_jungle_cabinet","properties":{"rotate":true,"destroy_time":2.0,"requires_tool":false},"group":"tsa:jungle_furniture"}
[12:54:28] [main/ERROR]: Could not load file! Error: java.lang.NullPointerException
[12:54:28] [main/INFO]: Path: null
[12:54:28] [main/INFO]: File: 
{"block_tags":["shulker_boxes"],"blocks":[{"origin":[0.0,0.0,0.0],"size":[1.0,1.0,1.0]}],"item_resource":{"models":{"default":"minecraft:item/custom/furniture/tables/jungle_table_center_post"}},"id":"tsa:jungle_table_center_post","properties":{"rotate":true,"destroy_time":2.0,"requires_tool":false,"rotate_smooth":true},"group":"tsa:jungle_furniture"}
[12:54:28] [main/ERROR]: Could not load file! Error: java.lang.NullPointerException
[12:54:28] [main/INFO]: Path: null
[12:54:28] [main/INFO]: File: 
{"block_tags":["shulker_boxes"],"blocks":[{"origin":[0.0,0.0,0.0],"size":[1.0,1.0,1.0]}],"item_resource":{"models":{"default":"minecraft:item/custom/furniture/tables/jungle_table"}},"id":"tsa:jungle_table","properties":{"rotate":true,"destroy_time":2.0,"requires_tool":false,"rotate_smooth":true},"group":"tsa:jungle_furniture"}
[12:54:28] [main/ERROR]: Could not load file! Error: java.lang.NullPointerException
[12:54:28] [main/INFO]: Path: null
[12:54:28] [main/INFO]: File: 
{"block_tags":["shulker_boxes"],"blocks":[{"origin":[0.0,0.0,0.0],"size":[2.0,1.0,1.0]}],"item_resource":{"models":{"default":"minecraft:item/custom/furniture/boards/jungle_sidetable"}},"id":"tsa:jungle_sidetable","properties":{"rotate":true,"destroy_time":2.0,"requires_tool":false},"group":"tsa:jungle_furniture"}
[12:54:28] [main/ERROR]: Could not load file! Error: java.lang.NullPointerException
[12:54:28] [main/INFO]: Path: null
[12:54:28] [main/INFO]: File: 
{"block_tags":["shulker_boxes"],"blocks":[{"origin":[0.0,0.0,0.0],"size":[2.0,2.0,1.0]}],"item_resource":{"models":{"default":"minecraft:item/custom/furniture/shelves/jungle_shelf"}},"behaviour":{"showcase":[{"offset":[0.2,0.38,0.0],"scale":[0.3,0.3,0.3]},{"offset":[0.2,0.94,0.0],"scale":[0.3,0.3,0.3]},{"offset":[0.2,1.57,0.0],"scale":[0.3,0.3,0.3]},{"offset":[0.8,0.38,0.0],"scale":[0.3,0.3,0.3]},{"offset":[0.8,0.94,0.0],"scale":[0.3,0.3,0.3]},{"offset":[0.8,1.57,0.0],"scale":[0.3,0.3,0.3]}]},"id":"tsa:jungle_shelf","properties":{"rotate":true,"destroy_time":2.0,"requires_tool":false},"group":"tsa:jungle_furniture"}
[12:54:28] [main/ERROR]: Could not load file! Error: java.lang.NullPointerException
[12:54:28] [main/INFO]: Path: null
[12:54:28] [main/INFO]: File: 
{"block_tags":["shulker_boxes"],"blocks":[{"origin":[0.0,0.0,0.0],"size":[2.0,1.0,1.0]}],"item_resource":{"models":{"default":"minecraft:item/custom/furniture/benches/jungle_park_bench"}},"behaviour":{"seat":[{"offset":[0.0,0.35,0.0]},{"offset":[1.0,0.35,0.0]}]},"id":"tsa:jungle_park_bench","properties":{"rotate":true,"destroy_time":2.0,"requires_tool":false,"rotate_smooth":true},"group":"tsa:jungle_furniture"}
[12:54:28] [main/ERROR]: Could not load file! Error: java.lang.NullPointerException
[12:54:28] [main/INFO]: Path: null
[12:54:28] [main/INFO]: File: 
{"block_tags":["shulker_boxes"],"blocks":[{"origin":[0.0,0.0,0.0],"size":[1.0,1.0,1.0]}],"item_resource":{"models":{"default":"minecraft:item/custom/furniture/boards/jungle_end_table_cabinet"}},"id":"tsa:jungle_end_table_cabinet","properties":{"rotate":true,"destroy_time":2.0,"requires_tool":false,"rotate_smooth":true},"group":"tsa:jungle_furniture"}
[12:54:28] [main/ERROR]: Could not load file! Error: java.lang.NullPointerException
[12:54:28] [main/INFO]: Path: null
[12:54:28] [main/INFO]: File: 
{"block_tags":["shulker_boxes"],"blocks":[{"origin":[0.0,0.0,0.0],"size":[2.0,2.0,1.0]}],"item_resource":{"models":{"default":"minecraft:item/custom/furniture/boards/jungle_dresser"}},"id":"tsa:jungle_dresser","properties":{"rotate":true,"destroy_time":2.0,"requires_tool":false},"group":"tsa:jungle_furniture"}
[12:54:28] [main/ERROR]: Could not load file! Error: java.lang.NullPointerException
[12:54:28] [main/INFO]: Path: null
[12:54:28] [main/INFO]: File: 
{"components":{"minecraft:dyed_color":[1.0,1.0,1.0]},"block_tags":["shulker_boxes"],"blocks":[{"origin":[0.0,0.0,0.0],"size":[1.0,1.0,1.0]}],"item_resource":{"models":{"default":"minecraft:item/custom/furniture/chairs/jungle_chair_with_cushion"}},"behaviour":{"seat":[{"offset":[0.0,0.5,-0.05]}]},"id":"tsa:jungle_chair_with_cushion","vanilla_item":"minecraft:leather_horse_armor","properties":{"rotate":true,"destroy_time":2.0,"requires_tool":false,"rotate_smooth":true},"group":"tsa:jungle_furniture"}
[12:54:28] [main/ERROR]: Could not load file! Error: java.lang.NullPointerException
[12:54:28] [main/INFO]: Path: null
[12:54:28] [main/INFO]: File: 
{"block_tags":["shulker_boxes"],"blocks":[{"origin":[0.0,0.0,0.0],"size":[1.0,1.0,1.0]}],"item_resource":{"models":{"default":"minecraft:item/custom/furniture/chairs/jungle_chair"}},"behaviour":{"seat":[{"offset":[0.0,0.45,-0.05]}]},"id":"tsa:jungle_chair","properties":{"rotate":true,"destroy_time":2.0,"requires_tool":false,"rotate_smooth":true},"group":"tsa:jungle_furniture"}
[12:54:28] [main/ERROR]: Could not load file! Error: java.lang.NullPointerException
[12:54:28] [main/INFO]: Path: null
[12:54:28] [main/INFO]: File: 
{"block_tags":["shulker_boxes"],"blocks":[{"origin":[0.0,0.0,0.0],"size":[2.0,2.0,1.0]}],"item_resource":{"models":{"default":"minecraft:item/custom/furniture/boards/jungle_cabinet"}},"id":"tsa:jungle_cabinet","properties":{"rotate":true,"destroy_time":2.0,"requires_tool":false},"group":"tsa:jungle_furniture"}
[12:54:28] [main/ERROR]: Could not load file! Error: java.lang.NullPointerException
[12:54:28] [main/INFO]: Path: null
[12:54:28] [main/INFO]: File: 
{"block_tags":["shulker_boxes"],"blocks":[{"origin":[0.0,0.0,0.0],"size":[2.0,1.0,1.0]}],"item_resource":{"models":{"default":"minecraft:item/custom/furniture/benches/jungle_bench"}},"behaviour":{"seat":[{"offset":[0.0,0.42,0.0]},{"offset":[1.0,0.42,0.0]}]},"id":"tsa:jungle_bench","properties":{"rotate":true,"destroy_time":2.0,"requires_tool":false,"rotate_smooth":true},"group":"tsa:jungle_furniture"}
[12:54:28] [main/ERROR]: Could not load file! Error: java.lang.NullPointerException
[12:54:28] [main/INFO]: Path: null
[12:54:28] [main/INFO]: File: 
{"block_tags":["shulker_boxes"],"blocks":[{"origin":[0.0,0.0,0.0],"size":[2.0,1.0,1.0]}],"item_resource":{"models":{"default":"minecraft:item/custom/furniture/shelves/iron_jungle_wall_shelf"}},"id":"tsa:iron_jungle_wall_shelf","properties":{"destroy_time":2.0,"requires_tool":false,"placement":{"wall":true}},"group":"tsa:jungle_furniture"}
[12:54:28] [main/ERROR]: Could not load file! Error: java.lang.NullPointerException
[12:54:28] [main/INFO]: Path: null
[12:54:28] [main/INFO]: File: 
{"block_tags":["shulker_boxes"],"item_resource":{"models":{"default":"minecraft:item/custom/furniture/misc/cut_jungle_planks"}},"id":"tsa:cut_jungle_planks","properties":{"rotate":true,"rotate_smooth":true},"group":"tsa:jungle_furniture"}
[12:54:28] [main/ERROR]: Could not load file! Error: java.lang.NullPointerException
[12:54:28] [main/INFO]: Path: null
[12:54:28] [main/INFO]: File: 
{"block_tags":["shulker_boxes"],"blocks":[{"origin":[0.0,0.0,0.0],"size":[2.0,1.0,1.0]}],"item_resource":{"models":{"default":"minecraft:item/custom/furniture/shelves/wooden_darkoak_wall_shelf"}},"id":"tsa:wooden_darkoak_wall_shelf","properties":{"destroy_time":2.0,"requires_tool":false,"placement":{"wall":true}},"group":"tsa:darkoak_furniture"}
[12:54:28] [main/ERROR]: Could not load file! Error: java.lang.NullPointerException
[12:54:28] [main/INFO]: Path: null
[12:54:28] [main/INFO]: File: 
{"block_tags":["shulker_boxes"],"blocks":[{"origin":[0.0,0.0,-1.0],"size":[2.0,1.0,2.0]}],"item_resource":{"models":{"default":"minecraft:item/custom/furniture/tables/wooden_darkoak_picnic_table"}},"behaviour":{"seat":[{"offset":[0.0,0.3,0.5],"direction":0.0},{"offset":[1.0,0.3,0.5],"direction":0.0},{"offset":[0.0,0.3,-1.5]},{"offset":[1.0,0.3,-1.5]}]},"id":"tsa:wooden_darkoak_picnic_table","properties":{"rotate":true,"destroy_time":2.0,"requires_tool":false,"rotate_smooth":true},"group":"tsa:darkoak_furniture"}
[12:54:28] [main/ERROR]: Could not load file! Error: java.lang.NullPointerException
[12:54:28] [main/INFO]: Path: null
[12:54:28] [main/INFO]: File: 
{"block_tags":["shulker_boxes"],"blocks":[{"origin":[0.0,0.0,0.0],"size":[2.0,1.0,1.0]}],"item_resource":{"models":{"default":"minecraft:item/custom/furniture/benches/wooden_darkoak_bench"}},"behaviour":{"seat":[{"offset":[0.0,0.42,0.0]},{"offset":[1.0,0.42,0.0]}]},"id":"tsa:wooden_darkoak_bench","properties":{"rotate":true,"destroy_time":2.0,"requires_tool":false,"rotate_smooth":true},"group":"tsa:darkoak_furniture"}
[12:54:28] [main/ERROR]: Could not load file! Error: java.lang.NullPointerException
[12:54:28] [main/INFO]: Path: null
[12:54:28] [main/INFO]: File: 
{"block_tags":["shulker_boxes"],"blocks":[{"origin":[0.0,0.0,0.0],"size":[1.0,1.0,1.0]}],"item_resource":{"models":{"default":"minecraft:item/custom/furniture/tables/small_darkoak_table"}},"id":"tsa:small_darkoak_table","properties":{"rotate":true,"destroy_time":2.0,"requires_tool":false,"rotate_smooth":true},"group":"tsa:darkoak_furniture"}
[12:54:28] [main/ERROR]: Could not load file! Error: java.lang.NullPointerException
[12:54:28] [main/INFO]: Path: null
[12:54:28] [main/INFO]: File: 
{"block_tags":["shulker_boxes"],"blocks":[{"origin":[0.0,0.0,0.0],"size":[1.0,2.0,1.0]}],"item_resource":{"models":{"default":"minecraft:item/custom/furniture/boards/small_darkoak_dresser_gilded"}},"id":"tsa:small_darkoak_dresser_gilded","properties":{"rotate":true,"destroy_time":2.0,"requires_tool":false},"group":"tsa:darkoak_furniture"}
[12:54:28] [main/ERROR]: Could not load file! Error: java.lang.NullPointerException
[12:54:28] [main/INFO]: Path: null
[12:54:28] [main/INFO]: File: 
{"block_tags":["shulker_boxes"],"blocks":[{"origin":[0.0,0.0,0.0],"size":[1.0,2.0,1.0]}],"item_resource":{"models":{"default":"minecraft:item/custom/furniture/boards/small_darkoak_dresser"}},"id":"tsa:small_darkoak_dresser","properties":{"rotate":true,"destroy_time":2.0,"requires_tool":false},"group":"tsa:darkoak_furniture"}
[12:54:28] [main/ERROR]: Could not load file! Error: java.lang.NullPointerException
[12:54:28] [main/INFO]: Path: null
[12:54:28] [main/INFO]: File: 
{"block_tags":["shulker_boxes"],"blocks":[{"origin":[0.0,0.0,0.0],"size":[1.0,2.0,1.0]}],"item_resource":{"models":{"default":"minecraft:item/custom/furniture/shelves/slim_darkoak_shelf"}},"behaviour":{"showcase":[{"offset":[0.0,0.725,0.0],"scale":[0.5,0.5,0.5]},{"offset":[0.0,1.475,0.0],"scale":[0.5,0.5,0.5]}]},"id":"tsa:slim_darkoak_shelf","properties":{"rotate":true,"destroy_time":2.0,"requires_tool":false},"group":"tsa:darkoak_furniture"}
[12:54:29] [main/ERROR]: Could not load file! Error: java.lang.NullPointerException
[12:54:29] [main/INFO]: Path: null
[12:54:29] [main/INFO]: File: 
{"block_tags":["shulker_boxes"],"blocks":[{"origin":[0.0,0.0,0.0],"size":[2.0,1.0,1.0]},{"origin":[0.0,2.0,0.0],"size":[2.0,1.0,1.0]}],"item_resource":{"models":{"default":"minecraft:item/custom/furniture/boards/large_darkoak_secretary_desk_gilded"}},"id":"tsa:large_darkoak_secretary_desk_gilded","properties":{"rotate":true,"destroy_time":2.0,"requires_tool":false},"group":"tsa:darkoak_furniture"}
[12:54:29] [main/ERROR]: Could not load file! Error: java.lang.NullPointerException
[12:54:29] [main/INFO]: Path: null
[12:54:29] [main/INFO]: File: 
{"block_tags":["shulker_boxes"],"blocks":[{"origin":[0.0,0.0,0.0],"size":[2.0,1.0,1.0]},{"origin":[0.0,2.0,0.0],"size":[2.0,1.0,1.0]}],"item_resource":{"models":{"default":"minecraft:item/custom/furniture/boards/large_darkoak_secretary_desk"}},"id":"tsa:large_darkoak_secretary_desk","properties":{"rotate":true,"destroy_time":2.0,"requires_tool":false},"group":"tsa:darkoak_furniture"}
[12:54:29] [main/ERROR]: Could not load file! Error: java.lang.NullPointerException
[12:54:29] [main/INFO]: Path: null
[12:54:29] [main/INFO]: File: 
{"block_tags":["shulker_boxes"],"blocks":[{"origin":[0.0,0.0,0.0],"size":[2.0,3.0,1.0]}],"item_resource":{"models":{"default":"minecraft:item/custom/furniture/boards/large_darkoak_cabinet_gilded"}},"id":"tsa:large_darkoak_cabinet_gilded","properties":{"rotate":true,"destroy_time":2.0,"requires_tool":false},"group":"tsa:darkoak_furniture"}
[12:54:29] [main/ERROR]: Could not load file! Error: java.lang.NullPointerException
[12:54:29] [main/INFO]: Path: null
[12:54:29] [main/INFO]: File: 
{"block_tags":["shulker_boxes"],"blocks":[{"origin":[0.0,0.0,0.0],"size":[2.0,3.0,1.0]}],"item_resource":{"models":{"default":"minecraft:item/custom/furniture/boards/large_darkoak_cabinet"}},"id":"tsa:large_darkoak_cabinet","properties":{"rotate":true,"destroy_time":2.0,"requires_tool":false},"group":"tsa:darkoak_furniture"}
[12:54:29] [main/ERROR]: Could not load file! Error: java.lang.NullPointerException
[12:54:29] [main/INFO]: Path: null
[12:54:29] [main/INFO]: File: 
{"block_tags":["shulker_boxes"],"blocks":[{"origin":[0.0,0.0,0.0],"size":[2.0,1.0,1.0]}],"item_resource":{"models":{"default":"minecraft:item/custom/furniture/shelves/iron_darkoak_wall_shelf"}},"id":"tsa:iron_darkoak_wall_shelf","properties":{"destroy_time":2.0,"requires_tool":false,"placement":{"wall":true}},"group":"tsa:darkoak_furniture"}
[12:54:29] [main/ERROR]: Could not load file! Error: java.lang.NullPointerException
[12:54:29] [main/INFO]: Path: null
[12:54:29] [main/INFO]: File: 
{"block_tags":["shulker_boxes"],"blocks":[{"origin":[0.0,0.0,0.0],"size":[1.0,1.0,1.0]}],"item_resource":{"models":{"default":"minecraft:item/custom/furniture/tables/darkoak_table_gold_center_post"}},"id":"tsa:darkoak_table_gold_center_post","properties":{"rotate":true,"destroy_time":2.0,"requires_tool":false,"rotate_smooth":true},"group":"tsa:darkoak_furniture"}
[12:54:29] [main/ERROR]: Could not load file! Error: java.lang.NullPointerException
[12:54:29] [main/INFO]: Path: null
[12:54:29] [main/INFO]: File: 
{"block_tags":["shulker_boxes"],"blocks":[{"origin":[0.0,0.0,0.0],"size":[1.0,1.0,1.0]}],"item_resource":{"models":{"default":"minecraft:item/custom/furniture/tables/darkoak_table_gold"}},"id":"tsa:darkoak_table_gold","properties":{"rotate":true,"destroy_time":2.0,"requires_tool":false,"rotate_smooth":true},"group":"tsa:darkoak_furniture"}
[12:54:29] [main/ERROR]: Could not load file! Error: java.lang.NullPointerException
[12:54:29] [main/INFO]: Path: null
[12:54:29] [main/INFO]: File: 
{"block_tags":["shulker_boxes"],"blocks":[{"origin":[0.0,0.0,0.0],"size":[1.0,1.0,1.0]}],"item_resource":{"models":{"default":"minecraft:item/custom/furniture/tables/darkoak_table_center_post"}},"id":"tsa:darkoak_table_center_post","properties":{"rotate":true,"destroy_time":2.0,"requires_tool":false,"rotate_smooth":true},"group":"tsa:darkoak_furniture"}
[12:54:29] [main/ERROR]: Could not load file! Error: java.lang.NullPointerException
[12:54:29] [main/INFO]: Path: null
[12:54:29] [main/INFO]: File: 
{"block_tags":["shulker_boxes"],"blocks":[{"origin":[0.0,0.0,0.0],"size":[1.0,1.0,1.0]}],"item_resource":{"models":{"default":"minecraft:item/custom/furniture/tables/darkoak_table"}},"id":"tsa:darkoak_table","properties":{"rotate":true,"destroy_time":2.0,"requires_tool":false,"rotate_smooth":true},"group":"tsa:darkoak_furniture"}
[12:54:29] [main/ERROR]: Could not load file! Error: java.lang.NullPointerException
[12:54:29] [main/INFO]: Path: null
[12:54:29] [main/INFO]: File: 
{"block_tags":["shulker_boxes"],"blocks":[{"origin":[0.0,0.0,0.0],"size":[2.0,1.0,1.0]}],"item_resource":{"models":{"default":"minecraft:item/custom/furniture/boards/darkoak_sidetable"}},"id":"tsa:darkoak_sidetable","properties":{"rotate":true,"destroy_time":2.0,"requires_tool":false},"group":"tsa:darkoak_furniture"}
[12:54:29] [main/ERROR]: Could not load file! Error: java.lang.NullPointerException
[12:54:29] [main/INFO]: Path: null
[12:54:29] [main/INFO]: File: 
{"block_tags":["shulker_boxes"],"blocks":[{"origin":[0.0,0.0,0.0],"size":[2.0,2.0,1.0]}],"item_resource":{"models":{"default":"minecraft:item/custom/furniture/shelves/darkoak_shelf"}},"behaviour":{"showcase":[{"offset":[0.2,0.38,0.0],"scale":[0.3,0.3,0.3]},{"offset":[0.2,0.94,0.0],"scale":[0.3,0.3,0.3]},{"offset":[0.2,1.57,0.0],"scale":[0.3,0.3,0.3]},{"offset":[0.8,0.38,0.0],"scale":[0.3,0.3,0.3]},{"offset":[0.8,0.94,0.0],"scale":[0.3,0.3,0.3]},{"offset":[0.8,1.57,0.0],"scale":[0.3,0.3,0.3]}]},"id":"tsa:darkoak_shelf","properties":{"rotate":true,"destroy_time":2.0,"requires_tool":false},"group":"tsa:darkoak_furniture"}
[12:54:29] [main/ERROR]: Could not load file! Error: java.lang.NullPointerException
[12:54:29] [main/INFO]: Path: null
[12:54:29] [main/INFO]: File: 
{"block_tags":["shulker_boxes"],"blocks":[{"origin":[0.0,0.0,0.0],"size":[2.0,1.0,1.0]}],"item_resource":{"models":{"default":"minecraft:item/custom/furniture/benches/darkoak_park_bench"}},"behaviour":{"seat":[{"offset":[0.0,0.35,0.0]},{"offset":[1.0,0.35,0.0]}]},"id":"tsa:darkoak_park_bench","properties":{"rotate":true,"destroy_time":2.0,"requires_tool":false,"rotate_smooth":true},"group":"tsa:darkoak_furniture"}
[12:54:29] [main/ERROR]: Could not load file! Error: java.lang.NullPointerException
[12:54:29] [main/INFO]: Path: null
[12:54:29] [main/INFO]: File: 
{"block_tags":["shulker_boxes"],"item_resource":{"models":{"default":"minecraft:item/custom/furniture/misc/darkoak_globe"}},"id":"tsa:darkoak_globe","properties":{"rotate":true,"rotate_smooth":true},"group":"tsa:darkoak_furniture"}
[12:54:29] [main/ERROR]: Could not load file! Error: java.lang.NullPointerException
[12:54:29] [main/INFO]: Path: null
[12:54:29] [main/INFO]: File: 
{"block_tags":["shulker_boxes"],"blocks":[{"origin":[0.0,0.0,0.0],"size":[1.0,1.0,1.0]}],"item_resource":{"models":{"default":"minecraft:item/custom/furniture/boards/darkoak_end_table_cabinet_gilded"}},"id":"tsa:darkoak_end_table_cabinet_gilded","properties":{"rotate":true,"destroy_time":2.0,"requires_tool":false,"rotate_smooth":true},"group":"tsa:darkoak_furniture"}
[12:54:29] [main/ERROR]: Could not load file! Error: java.lang.NullPointerException
[12:54:29] [main/INFO]: Path: null
[12:54:29] [main/INFO]: File: 
{"block_tags":["shulker_boxes"],"blocks":[{"origin":[0.0,0.0,0.0],"size":[1.0,1.0,1.0]}],"item_resource":{"models":{"default":"minecraft:item/custom/furniture/boards/darkoak_end_table_cabinet"}},"id":"tsa:darkoak_end_table_cabinet","properties":{"rotate":true,"destroy_time":2.0,"requires_tool":false,"rotate_smooth":true},"group":"tsa:darkoak_furniture"}
[12:54:29] [main/ERROR]: Could not load file! Error: java.lang.NullPointerException
[12:54:29] [main/INFO]: Path: null
[12:54:29] [main/INFO]: File: 
{"block_tags":["shulker_boxes"],"blocks":[{"origin":[0.0,0.0,0.0],"size":[2.0,2.0,1.0]}],"item_resource":{"models":{"default":"minecraft:item/custom/furniture/boards/darkoak_dresser"}},"id":"tsa:darkoak_dresser","properties":{"rotate":true,"destroy_time":2.0,"requires_tool":false},"group":"tsa:darkoak_furniture"}
[12:54:29] [main/ERROR]: Could not load file! Error: java.lang.NullPointerException
[12:54:29] [main/INFO]: Path: null
[12:54:29] [main/INFO]: File: 
{"block_tags":["shulker_boxes"],"blocks":[{"origin":[0.0,0.0,0.0],"size":[1.0,1.0,1.0]}],"item_resource":{"models":{"default":"minecraft:item/custom/furniture/chests/darkoak_chest"}},"behaviour":{"container":{"close_animation":"close","size":36.0,"name":"Dark Oak Chest","purge":false,"open_animation":"open"},"animation":{"model":"tsa:darkoak_chest"}},"id":"tsa:darkoak_chest","properties":{"rotate":true,"destroy_time":2.0,"requires_tool":false},"group":"tsa:darkoak_furniture"}
[12:54:29] [main/ERROR]: Could not load file! Error: java.lang.NullPointerException
[12:54:29] [main/INFO]: Path: null
[12:54:29] [main/INFO]: File: 
{"components":{"minecraft:dyed_color":[1.0,1.0,1.0]},"block_tags":["shulker_boxes"],"blocks":[{"origin":[0.0,0.0,0.0],"size":[1.0,1.0,1.0]}],"item_resource":{"models":{"default":"minecraft:item/custom/furniture/chairs/darkoak_chair_with_cushion"}},"behaviour":{"seat":[{"offset":[0.0,0.5,-0.05]}]},"id":"tsa:darkoak_chair_with_cushion","vanilla_item":"minecraft:leather_horse_armor","properties":{"rotate":true,"destroy_time":2.0,"requires_tool":false,"rotate_smooth":true},"group":"tsa:darkoak_furniture"}
[12:54:29] [main/ERROR]: Could not load file! Error: java.lang.NullPointerException
[12:54:29] [main/INFO]: Path: null
[12:54:29] [main/INFO]: File: 
{"block_tags":["shulker_boxes"],"blocks":[{"origin":[0.0,0.0,0.0],"size":[1.0,1.0,1.0]}],"item_resource":{"models":{"default":"minecraft:item/custom/furniture/chairs/darkoak_chair"}},"behaviour":{"seat":[{"offset":[0.0,0.45,-0.05]}]},"id":"tsa:darkoak_chair","properties":{"rotate":true,"destroy_time":2.0,"requires_tool":false,"rotate_smooth":true},"group":"tsa:darkoak_furniture"}
[12:54:29] [main/ERROR]: Could not load file! Error: java.lang.NullPointerException
[12:54:29] [main/INFO]: Path: null
[12:54:29] [main/INFO]: File: 
{"block_tags":["shulker_boxes"],"blocks":[{"origin":[0.0,0.0,0.0],"size":[2.0,2.0,1.0]}],"item_resource":{"models":{"default":"minecraft:item/custom/furniture/boards/darkoak_cabinet"}},"id":"tsa:darkoak_cabinet","properties":{"rotate":true,"destroy_time":2.0,"requires_tool":false},"group":"tsa:darkoak_furniture"}
[12:54:29] [main/ERROR]: Could not load file! Error: java.lang.NullPointerException
[12:54:29] [main/INFO]: Path: null
[12:54:29] [main/INFO]: File: 
{"block_tags":["shulker_boxes"],"blocks":[{"origin":[0.0,0.0,0.0],"size":[2.0,1.0,1.0]}],"item_resource":{"models":{"default":"minecraft:item/custom/furniture/benches/darkoak_bench"}},"behaviour":{"seat":[{"offset":[0.0,0.42,0.0]},{"offset":[1.0,0.42,0.0]}]},"id":"tsa:darkoak_bench","properties":{"rotate":true,"destroy_time":2.0,"requires_tool":false,"rotate_smooth":true},"group":"tsa:darkoak_furniture"}
[12:54:29] [main/ERROR]: Could not load file! Error: java.lang.NullPointerException
[12:54:29] [main/INFO]: Path: null
[12:54:29] [main/INFO]: File: 
{"block_tags":["shulker_boxes"],"item_resource":{"models":{"default":"minecraft:item/custom/furniture/misc/cut_darkoak_planks"}},"id":"tsa:cut_darkoak_planks","properties":{"rotate":true,"rotate_smooth":true},"group":"tsa:darkoak_furniture"}
[12:54:29] [main/ERROR]: Could not load file! Error: java.lang.NullPointerException
[12:54:29] [main/INFO]: Path: null
[12:54:29] [main/INFO]: File: 
{"block_tags":["shulker_boxes"],"blocks":[{"origin":[0.0,0.0,0.0],"size":[2.0,1.0,1.0]}],"item_resource":{"models":{"default":"minecraft:item/custom/furniture/shelves/wooden_crimson_wall_shelf"}},"id":"tsa:wooden_crimson_wall_shelf","properties":{"destroy_time":2.0,"requires_tool":false,"placement":{"wall":true}},"group":"tsa:crimson_furniture"}
[12:54:29] [main/ERROR]: Could not load file! Error: java.lang.NullPointerException
[12:54:29] [main/INFO]: Path: null
[12:54:29] [main/INFO]: File: 
{"block_tags":["shulker_boxes"],"blocks":[{"origin":[0.0,0.0,-1.0],"size":[2.0,1.0,2.0]}],"item_resource":{"models":{"default":"minecraft:item/custom/furniture/tables/wooden_crimson_picnic_table"}},"behaviour":{"seat":[{"offset":[0.0,0.3,0.5],"direction":0.0},{"offset":[1.0,0.3,0.5],"direction":0.0},{"offset":[0.0,0.3,-1.5]},{"offset":[1.0,0.3,-1.5]}]},"id":"tsa:wooden_crimson_picnic_table","properties":{"rotate":true,"destroy_time":2.0,"requires_tool":false,"rotate_smooth":true},"group":"tsa:crimson_furniture"}
[12:54:29] [main/ERROR]: Could not load file! Error: java.lang.NullPointerException
[12:54:29] [main/INFO]: Path: null
[12:54:29] [main/INFO]: File: 
{"block_tags":["shulker_boxes"],"blocks":[{"origin":[0.0,0.0,0.0],"size":[2.0,1.0,1.0]}],"item_resource":{"models":{"default":"minecraft:item/custom/furniture/benches/wooden_crimson_bench"}},"behaviour":{"seat":[{"offset":[0.0,0.42,0.0]},{"offset":[1.0,0.42,0.0]}]},"id":"tsa:wooden_crimson_bench","properties":{"rotate":true,"destroy_time":2.0,"requires_tool":false,"rotate_smooth":true},"group":"tsa:crimson_furniture"}
[12:54:29] [main/ERROR]: Could not load file! Error: java.lang.NullPointerException
[12:54:29] [main/INFO]: Path: null
[12:54:29] [main/INFO]: File: 
{"block_tags":["shulker_boxes"],"blocks":[{"origin":[0.0,0.0,0.0],"size":[1.0,1.0,1.0]}],"item_resource":{"models":{"default":"minecraft:item/custom/furniture/tables/small_crimson_table"}},"id":"tsa:small_crimson_table","properties":{"rotate":true,"destroy_time":2.0,"requires_tool":false,"rotate_smooth":true},"group":"tsa:crimson_furniture"}
[12:54:29] [main/ERROR]: Could not load file! Error: java.lang.NullPointerException
[12:54:29] [main/INFO]: Path: null
[12:54:29] [main/INFO]: File: 
{"block_tags":["shulker_boxes"],"blocks":[{"origin":[0.0,0.0,0.0],"size":[1.0,2.0,1.0]}],"item_resource":{"models":{"default":"minecraft:item/custom/furniture/boards/small_crimson_dresser"}},"id":"tsa:small_crimson_dresser","properties":{"rotate":true,"destroy_time":2.0,"requires_tool":false},"group":"tsa:crimson_furniture"}
[12:54:29] [main/ERROR]: Could not load file! Error: java.lang.NullPointerException
[12:54:29] [main/INFO]: Path: null
[12:54:29] [main/INFO]: File: 
{"block_tags":["shulker_boxes"],"blocks":[{"origin":[0.0,0.0,0.0],"size":[1.0,2.0,1.0]}],"item_resource":{"models":{"default":"minecraft:item/custom/furniture/shelves/slim_crimson_shelf"}},"behaviour":{"showcase":[{"offset":[0.0,0.725,0.0],"scale":[0.5,0.5,0.5]},{"offset":[0.0,1.475,0.0],"scale":[0.5,0.5,0.5]}]},"id":"tsa:slim_crimson_shelf","properties":{"rotate":true,"destroy_time":2.0,"requires_tool":false},"group":"tsa:crimson_furniture"}
[12:54:29] [main/ERROR]: Could not load file! Error: java.lang.NullPointerException
[12:54:29] [main/INFO]: Path: null
[12:54:29] [main/INFO]: File: 
{"block_tags":["shulker_boxes"],"blocks":[{"origin":[0.0,0.0,0.0],"size":[2.0,3.0,1.0]}],"item_resource":{"models":{"default":"minecraft:item/custom/furniture/boards/large_crimson_cabinet"}},"id":"tsa:large_crimson_cabinet","properties":{"rotate":true,"destroy_time":2.0,"requires_tool":false},"group":"tsa:crimson_furniture"}
[12:54:29] [main/ERROR]: Could not load file! Error: java.lang.NullPointerException
[12:54:29] [main/INFO]: Path: null
[12:54:29] [main/INFO]: File: 
{"block_tags":["shulker_boxes"],"blocks":[{"origin":[0.0,0.0,0.0],"size":[2.0,1.0,1.0]}],"item_resource":{"models":{"default":"minecraft:item/custom/furniture/shelves/iron_crimson_wall_shelf"}},"id":"tsa:iron_crimson_wall_shelf","properties":{"destroy_time":2.0,"requires_tool":false,"placement":{"wall":true}},"group":"tsa:crimson_furniture"}
[12:54:29] [main/ERROR]: Could not load file! Error: java.lang.NullPointerException
[12:54:29] [main/INFO]: Path: null
[12:54:29] [main/INFO]: File: 
{"block_tags":["shulker_boxes"],"item_resource":{"models":{"default":"minecraft:item/custom/furniture/misc/cut_crimson_planks"}},"id":"tsa:cut_crimson_planks","properties":{"rotate":true,"rotate_smooth":true},"group":"tsa:crimson_furniture"}
[12:54:29] [main/ERROR]: Could not load file! Error: java.lang.NullPointerException
[12:54:29] [main/INFO]: Path: null
[12:54:29] [main/INFO]: File: 
{"block_tags":["shulker_boxes"],"blocks":[{"origin":[0.0,0.0,0.0],"size":[1.0,1.0,1.0]}],"item_resource":{"models":{"default":"minecraft:item/custom/furniture/tables/crimson_table_center_post"}},"id":"tsa:crimson_table_center_post","properties":{"rotate":true,"destroy_time":2.0,"requires_tool":false,"rotate_smooth":true},"group":"tsa:crimson_furniture"}
[12:54:30] [main/ERROR]: Could not load file! Error: java.lang.NullPointerException
[12:54:30] [main/INFO]: Path: null
[12:54:30] [main/INFO]: File: 
{"block_tags":["shulker_boxes"],"blocks":[{"origin":[0.0,0.0,0.0],"size":[1.0,1.0,1.0]}],"item_resource":{"models":{"default":"minecraft:item/custom/furniture/tables/crimson_table"}},"id":"tsa:crimson_table","properties":{"rotate":true,"destroy_time":2.0,"requires_tool":false,"rotate_smooth":true},"group":"tsa:crimson_furniture"}
[12:54:30] [main/ERROR]: Could not load file! Error: java.lang.NullPointerException
[12:54:30] [main/INFO]: Path: null
[12:54:30] [main/INFO]: File: 
{"block_tags":["shulker_boxes"],"blocks":[{"origin":[0.0,0.0,0.0],"size":[2.0,1.0,1.0]}],"item_resource":{"models":{"default":"minecraft:item/custom/furniture/boards/crimson_sidetable"}},"id":"tsa:crimson_sidetable","properties":{"rotate":true,"destroy_time":2.0,"requires_tool":false},"group":"tsa:crimson_furniture"}
[12:54:30] [main/ERROR]: Could not load file! Error: java.lang.NullPointerException
[12:54:30] [main/INFO]: Path: null
[12:54:30] [main/INFO]: File: 
{"block_tags":["shulker_boxes"],"blocks":[{"origin":[0.0,0.0,0.0],"size":[2.0,2.0,1.0]}],"item_resource":{"models":{"default":"minecraft:item/custom/furniture/shelves/crimson_shelf"}},"behaviour":{"showcase":[{"offset":[0.2,0.38,0.0],"scale":[0.3,0.3,0.3]},{"offset":[0.2,0.94,0.0],"scale":[0.3,0.3,0.3]},{"offset":[0.2,1.57,0.0],"scale":[0.3,0.3,0.3]},{"offset":[0.8,0.38,0.0],"scale":[0.3,0.3,0.3]},{"offset":[0.8,0.94,0.0],"scale":[0.3,0.3,0.3]},{"offset":[0.8,1.57,0.0],"scale":[0.3,0.3,0.3]}]},"id":"tsa:crimson_shelf","properties":{"rotate":true,"destroy_time":2.0,"requires_tool":false},"group":"tsa:crimson_furniture"}
[12:54:30] [main/ERROR]: Could not load file! Error: java.lang.NullPointerException
[12:54:30] [main/INFO]: Path: null
[12:54:30] [main/INFO]: File: 
{"block_tags":["shulker_boxes"],"blocks":[{"origin":[0.0,0.0,0.0],"size":[2.0,1.0,1.0]}],"item_resource":{"models":{"default":"minecraft:item/custom/furniture/benches/crimson_park_bench"}},"behaviour":{"seat":[{"offset":[0.0,0.35,0.0]},{"offset":[1.0,0.35,0.0]}]},"id":"tsa:crimson_park_bench","properties":{"rotate":true,"destroy_time":2.0,"requires_tool":false,"rotate_smooth":true},"group":"tsa:crimson_furniture"}
[12:54:30] [main/ERROR]: Could not load file! Error: java.lang.NullPointerException
[12:54:30] [main/INFO]: Path: null
[12:54:30] [main/INFO]: File: 
{"block_tags":["shulker_boxes"],"blocks":[{"origin":[0.0,0.0,0.0],"size":[1.0,1.0,1.0]}],"item_resource":{"models":{"default":"minecraft:item/custom/furniture/boards/crimson_end_table_cabinet"}},"id":"tsa:crimson_end_table_cabinet","properties":{"rotate":true,"destroy_time":2.0,"requires_tool":false,"rotate_smooth":true},"group":"tsa:crimson_furniture"}
[12:54:30] [main/ERROR]: Could not load file! Error: java.lang.NullPointerException
[12:54:30] [main/INFO]: Path: null
[12:54:30] [main/INFO]: File: 
{"block_tags":["shulker_boxes"],"blocks":[{"origin":[0.0,0.0,0.0],"size":[2.0,2.0,1.0]}],"item_resource":{"models":{"default":"minecraft:item/custom/furniture/boards/crimson_dresser"}},"id":"tsa:crimson_dresser","properties":{"rotate":true,"destroy_time":2.0,"requires_tool":false},"group":"tsa:crimson_furniture"}
[12:54:30] [main/ERROR]: Could not load file! Error: java.lang.NullPointerException
[12:54:30] [main/INFO]: Path: null
[12:54:30] [main/INFO]: File: 
{"components":{"minecraft:dyed_color":[1.0,1.0,1.0]},"block_tags":["shulker_boxes"],"blocks":[{"origin":[0.0,0.0,0.0],"size":[1.0,1.0,1.0]}],"item_resource":{"models":{"default":"minecraft:item/custom/furniture/chairs/crimson_chair_with_cushion"}},"behaviour":{"seat":[{"offset":[0.0,0.5,-0.05]}]},"id":"tsa:crimson_chair_with_cushion","vanilla_item":"minecraft:leather_horse_armor","properties":{"rotate":true,"destroy_time":2.0,"requires_tool":false,"rotate_smooth":true},"group":"tsa:crimson_furniture"}
[12:54:30] [main/ERROR]: Could not load file! Error: java.lang.NullPointerException
[12:54:30] [main/INFO]: Path: null
[12:54:30] [main/INFO]: File: 
{"block_tags":["shulker_boxes"],"blocks":[{"origin":[0.0,0.0,0.0],"size":[1.0,1.0,1.0]}],"item_resource":{"models":{"default":"minecraft:item/custom/furniture/chairs/crimson_chair"}},"behaviour":{"seat":[{"offset":[0.0,0.45,-0.05]}]},"id":"tsa:crimson_chair","properties":{"rotate":true,"destroy_time":2.0,"requires_tool":false,"rotate_smooth":true},"group":"tsa:crimson_furniture"}
[12:54:30] [main/ERROR]: Could not load file! Error: java.lang.NullPointerException
[12:54:30] [main/INFO]: Path: null
[12:54:30] [main/INFO]: File: 
{"block_tags":["shulker_boxes"],"blocks":[{"origin":[0.0,0.0,0.0],"size":[2.0,2.0,1.0]}],"item_resource":{"models":{"default":"minecraft:item/custom/furniture/boards/crimson_cabinet"}},"id":"tsa:crimson_cabinet","properties":{"rotate":true,"destroy_time":2.0,"requires_tool":false},"group":"tsa:crimson_furniture"}
[12:54:30] [main/ERROR]: Could not load file! Error: java.lang.NullPointerException
[12:54:30] [main/INFO]: Path: null
[12:54:30] [main/INFO]: File: 
{"block_tags":["shulker_boxes"],"blocks":[{"origin":[0.0,0.0,0.0],"size":[2.0,1.0,1.0]}],"item_resource":{"models":{"default":"minecraft:item/custom/furniture/benches/crimson_bench"}},"behaviour":{"seat":[{"offset":[0.0,0.42,0.0]},{"offset":[1.0,0.42,0.0]}]},"id":"tsa:crimson_bench","properties":{"rotate":true,"destroy_time":2.0,"requires_tool":false,"rotate_smooth":true},"group":"tsa:crimson_furniture"}
[12:54:30] [main/ERROR]: Could not load file! Error: java.lang.NullPointerException
[12:54:30] [main/INFO]: Path: null
[12:54:30] [main/INFO]: File: 
{"block_tags":["shulker_boxes"],"blocks":[{"origin":[0.0,0.0,0.0],"size":[2.0,1.0,1.0]}],"item_resource":{"models":{"default":"minecraft:item/custom/furniture/shelves/wooden_cherry_wall_shelf"}},"id":"tsa:wooden_cherry_wall_shelf","properties":{"destroy_time":2.0,"requires_tool":false,"placement":{"wall":true}},"group":"tsa:cherry_furniture"}
[12:54:30] [main/ERROR]: Could not load file! Error: java.lang.NullPointerException
[12:54:30] [main/INFO]: Path: null
[12:54:30] [main/INFO]: File: 
{"block_tags":["shulker_boxes"],"blocks":[{"origin":[0.0,0.0,-1.0],"size":[2.0,1.0,2.0]}],"item_resource":{"models":{"default":"minecraft:item/custom/furniture/tables/wooden_cherry_picnic_table"}},"behaviour":{"seat":[{"offset":[0.0,0.3,0.5],"direction":0.0},{"offset":[1.0,0.3,0.5],"direction":0.0},{"offset":[0.0,0.3,-1.5]},{"offset":[1.0,0.3,-1.5]}]},"id":"tsa:wooden_cherry_picnic_table","properties":{"rotate":true,"destroy_time":2.0,"requires_tool":false,"rotate_smooth":true},"group":"tsa:cherry_furniture"}
[12:54:30] [main/ERROR]: Could not load file! Error: java.lang.NullPointerException
[12:54:30] [main/INFO]: Path: null
[12:54:30] [main/INFO]: File: 
{"block_tags":["shulker_boxes"],"blocks":[{"origin":[0.0,0.0,0.0],"size":[2.0,1.0,1.0]}],"item_resource":{"models":{"default":"minecraft:item/custom/furniture/benches/wooden_cherry_bench"}},"behaviour":{"seat":[{"offset":[0.0,0.42,0.0]},{"offset":[1.0,0.42,0.0]}]},"id":"tsa:wooden_cherry_bench","properties":{"rotate":true,"destroy_time":2.0,"requires_tool":false,"rotate_smooth":true},"group":"tsa:cherry_furniture"}
[12:54:30] [main/ERROR]: Could not load file! Error: java.lang.NullPointerException
[12:54:30] [main/INFO]: Path: null
[12:54:30] [main/INFO]: File: 
{"block_tags":["shulker_boxes"],"blocks":[{"origin":[0.0,0.0,0.0],"size":[1.0,1.0,1.0]}],"item_resource":{"models":{"default":"minecraft:item/custom/furniture/tables/small_cherry_table"}},"id":"tsa:small_cherry_table","properties":{"rotate":true,"destroy_time":2.0,"requires_tool":false,"rotate_smooth":true},"group":"tsa:cherry_furniture"}
[12:54:30] [main/ERROR]: Could not load file! Error: java.lang.NullPointerException
[12:54:30] [main/INFO]: Path: null
[12:54:30] [main/INFO]: File: 
{"block_tags":["shulker_boxes"],"blocks":[{"origin":[0.0,0.0,0.0],"size":[1.0,2.0,1.0]}],"item_resource":{"models":{"default":"minecraft:item/custom/furniture/boards/small_cherry_dresser"}},"id":"tsa:small_cherry_dresser","properties":{"rotate":true,"destroy_time":2.0,"requires_tool":false},"group":"tsa:cherry_furniture"}
[12:54:30] [main/ERROR]: Could not load file! Error: java.lang.NullPointerException
[12:54:30] [main/INFO]: Path: null
[12:54:30] [main/INFO]: File: 
{"block_tags":["shulker_boxes"],"blocks":[{"origin":[0.0,0.0,0.0],"size":[1.0,2.0,1.0]}],"item_resource":{"models":{"default":"minecraft:item/custom/furniture/shelves/slim_cherry_shelf"}},"behaviour":{"showcase":[{"offset":[0.0,0.725,0.0],"scale":[0.5,0.5,0.5]},{"offset":[0.0,1.475,0.0],"scale":[0.5,0.5,0.5]}]},"id":"tsa:slim_cherry_shelf","properties":{"rotate":true,"destroy_time":2.0,"requires_tool":false},"group":"tsa:cherry_furniture"}
[12:54:30] [main/ERROR]: Could not load file! Error: java.lang.NullPointerException
[12:54:30] [main/INFO]: Path: null
[12:54:30] [main/INFO]: File: 
{"block_tags":["shulker_boxes"],"blocks":[{"origin":[0.0,0.0,0.0],"size":[2.0,3.0,1.0]}],"item_resource":{"models":{"default":"minecraft:item/custom/furniture/boards/large_cherry_cabinet"}},"id":"tsa:large_cherry_cabinet","properties":{"rotate":true,"destroy_time":2.0,"requires_tool":false},"group":"tsa:cherry_furniture"}
[12:54:30] [main/ERROR]: Could not load file! Error: java.lang.NullPointerException
[12:54:30] [main/INFO]: Path: null
[12:54:30] [main/INFO]: File: 
{"block_tags":["shulker_boxes"],"blocks":[{"origin":[0.0,0.0,0.0],"size":[2.0,1.0,1.0]}],"item_resource":{"models":{"default":"minecraft:item/custom/furniture/shelves/iron_cherry_wall_shelf"}},"id":"tsa:iron_cherry_wall_shelf","properties":{"destroy_time":2.0,"requires_tool":false,"placement":{"wall":true}},"group":"tsa:cherry_furniture"}
[12:54:30] [main/ERROR]: Could not load file! Error: java.lang.NullPointerException
[12:54:30] [main/INFO]: Path: null
[12:54:30] [main/INFO]: File: 
{"block_tags":["shulker_boxes"],"item_resource":{"models":{"default":"minecraft:item/custom/furniture/misc/cut_cherry_planks"}},"id":"tsa:cut_cherry_planks","properties":{"rotate":true,"rotate_smooth":true},"group":"tsa:cherry_furniture"}
[12:54:30] [main/ERROR]: Could not load file! Error: java.lang.NullPointerException
[12:54:30] [main/INFO]: Path: null
[12:54:30] [main/INFO]: File: 
{"block_tags":["shulker_boxes"],"blocks":[{"origin":[0.0,0.0,0.0],"size":[1.0,1.0,1.0]}],"item_resource":{"models":{"default":"minecraft:item/custom/furniture/tables/cherry_table_center_post"}},"id":"tsa:cherry_table_center_post","properties":{"rotate":true,"destroy_time":2.0,"requires_tool":false,"rotate_smooth":true},"group":"tsa:cherry_furniture"}
[12:54:30] [main/ERROR]: Could not load file! Error: java.lang.NullPointerException
[12:54:30] [main/INFO]: Path: null
[12:54:30] [main/INFO]: File: 
{"block_tags":["shulker_boxes"],"blocks":[{"origin":[0.0,0.0,0.0],"size":[1.0,1.0,1.0]}],"item_resource":{"models":{"default":"minecraft:item/custom/furniture/tables/cherry_table"}},"id":"tsa:cherry_table","properties":{"rotate":true,"destroy_time":2.0,"requires_tool":false,"rotate_smooth":true},"group":"tsa:cherry_furniture"}
[12:54:30] [main/ERROR]: Could not load file! Error: java.lang.NullPointerException
[12:54:30] [main/INFO]: Path: null
[12:54:30] [main/INFO]: File: 
{"block_tags":["shulker_boxes"],"blocks":[{"origin":[0.0,0.0,0.0],"size":[2.0,1.0,1.0]}],"item_resource":{"models":{"default":"minecraft:item/custom/furniture/boards/cherry_sidetable"}},"id":"tsa:cherry_sidetable","properties":{"rotate":true,"destroy_time":2.0,"requires_tool":false},"group":"tsa:cherry_furniture"}
[12:54:30] [main/ERROR]: Could not load file! Error: java.lang.NullPointerException
[12:54:30] [main/INFO]: Path: null
[12:54:30] [main/INFO]: File: 
{"block_tags":["shulker_boxes"],"blocks":[{"origin":[0.0,0.0,0.0],"size":[2.0,2.0,1.0]}],"item_resource":{"models":{"default":"minecraft:item/custom/furniture/shelves/cherry_shelf"}},"behaviour":{"showcase":[{"offset":[0.2,0.38,0.0],"scale":[0.3,0.3,0.3]},{"offset":[0.2,0.94,0.0],"scale":[0.3,0.3,0.3]},{"offset":[0.2,1.57,0.0],"scale":[0.3,0.3,0.3]},{"offset":[0.8,0.38,0.0],"scale":[0.3,0.3,0.3]},{"offset":[0.8,0.94,0.0],"scale":[0.3,0.3,0.3]},{"offset":[0.8,1.57,0.0],"scale":[0.3,0.3,0.3]}]},"id":"tsa:cherry_shelf","properties":{"rotate":true,"destroy_time":2.0,"requires_tool":false},"group":"tsa:cherry_furniture"}
[12:54:30] [main/ERROR]: Could not load file! Error: java.lang.NullPointerException
[12:54:30] [main/INFO]: Path: null
[12:54:30] [main/INFO]: File: 
{"block_tags":["shulker_boxes"],"blocks":[{"origin":[0.0,0.0,0.0],"size":[2.0,1.0,1.0]}],"item_resource":{"models":{"default":"minecraft:item/custom/furniture/benches/cherry_park_bench"}},"behaviour":{"seat":[{"offset":[0.0,0.35,0.0]},{"offset":[1.0,0.35,0.0]}]},"id":"tsa:cherry_park_bench","properties":{"rotate":true,"destroy_time":2.0,"requires_tool":false,"rotate_smooth":true},"group":"tsa:cherry_furniture"}
[12:54:30] [main/ERROR]: Could not load file! Error: java.lang.NullPointerException
[12:54:30] [main/INFO]: Path: null
[12:54:30] [main/INFO]: File: 
{"block_tags":["shulker_boxes"],"blocks":[{"origin":[0.0,0.0,0.0],"size":[1.0,1.0,1.0]}],"item_resource":{"models":{"default":"minecraft:item/custom/furniture/boards/cherry_end_table_cabinet"}},"id":"tsa:cherry_end_table_cabinet","properties":{"rotate":true,"destroy_time":2.0,"requires_tool":false,"rotate_smooth":true},"group":"tsa:cherry_furniture"}
[12:54:30] [main/ERROR]: Could not load file! Error: java.lang.NullPointerException
[12:54:30] [main/INFO]: Path: null
[12:54:30] [main/INFO]: File: 
{"block_tags":["shulker_boxes"],"blocks":[{"origin":[0.0,0.0,0.0],"size":[2.0,2.0,1.0]}],"item_resource":{"models":{"default":"minecraft:item/custom/furniture/boards/cherry_dresser"}},"id":"tsa:cherry_dresser","properties":{"rotate":true,"destroy_time":2.0,"requires_tool":false},"group":"tsa:cherry_furniture"}
[12:54:30] [main/ERROR]: Could not load file! Error: java.lang.NullPointerException
[12:54:30] [main/INFO]: Path: null
[12:54:30] [main/INFO]: File: 
{"components":{"minecraft:dyed_color":[1.0,1.0,1.0]},"block_tags":["shulker_boxes"],"blocks":[{"origin":[0.0,0.0,0.0],"size":[1.0,1.0,1.0]}],"item_resource":{"models":{"default":"minecraft:item/custom/furniture/chairs/cherry_chair_with_cushion"}},"behaviour":{"seat":[{"offset":[0.0,0.5,-0.05]}]},"id":"tsa:cherry_chair_with_cushion","vanilla_item":"minecraft:leather_horse_armor","properties":{"rotate":true,"destroy_time":2.0,"requires_tool":false,"rotate_smooth":true},"group":"tsa:cherry_furniture"}
[12:54:30] [main/ERROR]: Could not load file! Error: java.lang.NullPointerException
[12:54:30] [main/INFO]: Path: null
[12:54:30] [main/INFO]: File: 
{"block_tags":["shulker_boxes"],"blocks":[{"origin":[0.0,0.0,0.0],"size":[1.0,1.0,1.0]}],"item_resource":{"models":{"default":"minecraft:item/custom/furniture/chairs/cherry_chair"}},"behaviour":{"seat":[{"offset":[0.0,0.45,-0.05]}]},"id":"tsa:cherry_chair","properties":{"rotate":true,"destroy_time":2.0,"requires_tool":false,"rotate_smooth":true},"group":"tsa:cherry_furniture"}
[12:54:30] [main/ERROR]: Could not load file! Error: java.lang.NullPointerException
[12:54:30] [main/INFO]: Path: null
[12:54:30] [main/INFO]: File: 
{"block_tags":["shulker_boxes"],"blocks":[{"origin":[0.0,0.0,0.0],"size":[2.0,2.0,1.0]}],"item_resource":{"models":{"default":"minecraft:item/custom/furniture/boards/cherry_cabinet"}},"id":"tsa:cherry_cabinet","properties":{"rotate":true,"destroy_time":2.0,"requires_tool":false},"group":"tsa:cherry_furniture"}
[12:54:30] [main/ERROR]: Could not load file! Error: java.lang.NullPointerException
[12:54:30] [main/INFO]: Path: null
[12:54:30] [main/INFO]: File: 
{"block_tags":["shulker_boxes"],"blocks":[{"origin":[0.0,0.0,0.0],"size":[2.0,1.0,1.0]}],"item_resource":{"models":{"default":"minecraft:item/custom/furniture/benches/cherry_bench"}},"behaviour":{"seat":[{"offset":[0.0,0.42,0.0]},{"offset":[1.0,0.42,0.0]}]},"id":"tsa:cherry_bench","properties":{"rotate":true,"destroy_time":2.0,"requires_tool":false,"rotate_smooth":true},"group":"tsa:cherry_furniture"}
[12:54:30] [main/ERROR]: Could not load file! Error: java.lang.NullPointerException
[12:54:30] [main/INFO]: Path: null
[12:54:30] [main/INFO]: File: 
{"block_tags":["shulker_boxes"],"blocks":[{"origin":[0.0,0.0,0.0],"size":[1.0,1.0,1.0]}],"item_resource":{"models":{"default":"minecraft:item/custom/furniture/tables/carpentry_table"}},"behaviour":{"tsa:carpentry":{}},"id":"tsa:carpentry_table","properties":{"rotate":true,"destroy_time":2.0,"requires_tool":false,"stack_size":64.0},"group":"tsa:decorations"}
[12:54:31] [main/ERROR]: Could not load file! Error: java.lang.NullPointerException
[12:54:31] [main/INFO]: Path: null
[12:54:31] [main/INFO]: File: 
{"block_tags":["shulker_boxes"],"blocks":[{"origin":[0.0,0.0,0.0],"size":[2.0,1.0,1.0]}],"item_resource":{"models":{"default":"minecraft:item/custom/furniture/shelves/wooden_birch_wall_shelf"}},"id":"tsa:wooden_birch_wall_shelf","properties":{"destroy_time":2.0,"requires_tool":false,"placement":{"wall":true}},"group":"tsa:birch_furniture"}
[12:54:31] [main/ERROR]: Could not load file! Error: java.lang.NullPointerException
[12:54:31] [main/INFO]: Path: null
[12:54:31] [main/INFO]: File: 
{"block_tags":["shulker_boxes"],"blocks":[{"origin":[0.0,0.0,-1.0],"size":[2.0,1.0,2.0]}],"item_resource":{"models":{"default":"minecraft:item/custom/furniture/tables/wooden_birch_picnic_table"}},"behaviour":{"seat":[{"offset":[0.0,0.3,0.5],"direction":0.0},{"offset":[1.0,0.3,0.5],"direction":0.0},{"offset":[0.0,0.3,-1.5]},{"offset":[1.0,0.3,-1.5]}]},"id":"tsa:wooden_birch_picnic_table","properties":{"rotate":true,"destroy_time":2.0,"requires_tool":false,"rotate_smooth":true},"group":"tsa:birch_furniture"}
[12:54:31] [main/ERROR]: Could not load file! Error: java.lang.NullPointerException
[12:54:31] [main/INFO]: Path: null
[12:54:31] [main/INFO]: File: 
{"block_tags":["shulker_boxes"],"blocks":[{"origin":[0.0,0.0,0.0],"size":[2.0,1.0,1.0]}],"item_resource":{"models":{"default":"minecraft:item/custom/furniture/benches/wooden_birch_bench"}},"behaviour":{"seat":[{"offset":[0.0,0.42,0.0]},{"offset":[1.0,0.42,0.0]}]},"id":"tsa:wooden_birch_bench","properties":{"rotate":true,"destroy_time":2.0,"requires_tool":false,"rotate_smooth":true},"group":"tsa:birch_furniture"}
[12:54:31] [main/ERROR]: Could not load file! Error: java.lang.NullPointerException
[12:54:31] [main/INFO]: Path: null
[12:54:31] [main/INFO]: File: 
{"block_tags":["shulker_boxes"],"blocks":[{"origin":[0.0,0.0,0.0],"size":[1.0,1.0,1.0]}],"item_resource":{"models":{"default":"minecraft:item/custom/furniture/tables/small_birch_table"}},"id":"tsa:small_birch_table","properties":{"rotate":true,"destroy_time":2.0,"requires_tool":false,"rotate_smooth":true},"group":"tsa:birch_furniture"}
[12:54:31] [main/ERROR]: Could not load file! Error: java.lang.NullPointerException
[12:54:31] [main/INFO]: Path: null
[12:54:31] [main/INFO]: File: 
{"block_tags":["shulker_boxes"],"blocks":[{"origin":[0.0,0.0,0.0],"size":[1.0,2.0,1.0]}],"item_resource":{"models":{"default":"minecraft:item/custom/furniture/boards/small_birch_dresser"}},"id":"tsa:small_birch_dresser","properties":{"rotate":true,"destroy_time":2.0,"requires_tool":false},"group":"tsa:birch_furniture"}
[12:54:31] [main/ERROR]: Could not load file! Error: java.lang.NullPointerException
[12:54:31] [main/INFO]: Path: null
[12:54:31] [main/INFO]: File: 
{"block_tags":["shulker_boxes"],"blocks":[{"origin":[0.0,0.0,0.0],"size":[1.0,2.0,1.0]}],"item_resource":{"models":{"default":"minecraft:item/custom/furniture/shelves/slim_birch_shelf"}},"behaviour":{"showcase":[{"offset":[0.0,0.725,0.0],"scale":[0.5,0.5,0.5]},{"offset":[0.0,1.475,0.0],"scale":[0.5,0.5,0.5]}]},"id":"tsa:slim_birch_shelf","properties":{"rotate":true,"destroy_time":2.0,"requires_tool":false},"group":"tsa:birch_furniture"}
[12:54:31] [main/ERROR]: Could not load file! Error: java.lang.NullPointerException
[12:54:31] [main/INFO]: Path: null
[12:54:31] [main/INFO]: File: 
{"block_tags":["shulker_boxes"],"blocks":[{"origin":[0.0,0.0,0.0],"size":[2.0,3.0,1.0]}],"item_resource":{"models":{"default":"minecraft:item/custom/furniture/boards/large_birch_cabinet"}},"id":"tsa:large_birch_cabinet","properties":{"rotate":true,"destroy_time":2.0,"requires_tool":false},"group":"tsa:birch_furniture"}
[12:54:31] [main/ERROR]: Could not load file! Error: java.lang.NullPointerException
[12:54:31] [main/INFO]: Path: null
[12:54:31] [main/INFO]: File: 
{"block_tags":["shulker_boxes"],"blocks":[{"origin":[0.0,0.0,0.0],"size":[2.0,1.0,1.0]}],"item_resource":{"models":{"default":"minecraft:item/custom/furniture/shelves/iron_birch_wall_shelf"}},"id":"tsa:iron_birch_wall_shelf","properties":{"destroy_time":2.0,"requires_tool":false,"placement":{"wall":true}},"group":"tsa:birch_furniture"}
[12:54:31] [main/ERROR]: Could not load file! Error: java.lang.NullPointerException
[12:54:31] [main/INFO]: Path: null
[12:54:31] [main/INFO]: File: 
{"block_tags":["shulker_boxes"],"item_resource":{"models":{"default":"minecraft:item/custom/furniture/misc/cut_birch_planks"}},"id":"tsa:cut_birch_planks","properties":{"rotate":true,"rotate_smooth":true},"group":"tsa:birch_furniture"}
[12:54:31] [main/ERROR]: Could not load file! Error: java.lang.NullPointerException
[12:54:31] [main/INFO]: Path: null
[12:54:31] [main/INFO]: File: 
{"block_tags":["shulker_boxes"],"blocks":[{"origin":[0.0,0.0,0.0],"size":[1.0,1.0,1.0]}],"item_resource":{"models":{"default":"minecraft:item/custom/furniture/tables/birch_table_center_post"}},"id":"tsa:birch_table_center_post","properties":{"rotate":true,"destroy_time":2.0,"requires_tool":false,"rotate_smooth":true},"group":"tsa:birch_furniture"}
[12:54:31] [main/ERROR]: Could not load file! Error: java.lang.NullPointerException
[12:54:31] [main/INFO]: Path: null
[12:54:31] [main/INFO]: File: 
{"block_tags":["shulker_boxes"],"blocks":[{"origin":[0.0,0.0,0.0],"size":[1.0,1.0,1.0]}],"item_resource":{"models":{"default":"minecraft:item/custom/furniture/tables/birch_table"}},"id":"tsa:birch_table","properties":{"rotate":true,"destroy_time":2.0,"requires_tool":false,"rotate_smooth":true},"group":"tsa:birch_furniture"}
[12:54:31] [main/ERROR]: Could not load file! Error: java.lang.NullPointerException
[12:54:31] [main/INFO]: Path: null
[12:54:31] [main/INFO]: File: 
{"block_tags":["shulker_boxes"],"blocks":[{"origin":[0.0,0.0,0.0],"size":[2.0,1.0,1.0]}],"item_resource":{"models":{"default":"minecraft:item/custom/furniture/boards/birch_sidetable"}},"id":"tsa:birch_sidetable","properties":{"rotate":true,"destroy_time":2.0,"requires_tool":false},"group":"tsa:birch_furniture"}
[12:54:31] [main/ERROR]: Could not load file! Error: java.lang.NullPointerException
[12:54:31] [main/INFO]: Path: null
[12:54:31] [main/INFO]: File: 
{"block_tags":["shulker_boxes"],"blocks":[{"origin":[0.0,0.0,0.0],"size":[2.0,2.0,1.0]}],"item_resource":{"models":{"default":"minecraft:item/custom/furniture/shelves/birch_shelf"}},"behaviour":{"showcase":[{"offset":[0.2,0.38,0.0],"scale":[0.3,0.3,0.3]},{"offset":[0.2,0.94,0.0],"scale":[0.3,0.3,0.3]},{"offset":[0.2,1.57,0.0],"scale":[0.3,0.3,0.3]},{"offset":[0.8,0.38,0.0],"scale":[0.3,0.3,0.3]},{"offset":[0.8,0.94,0.0],"scale":[0.3,0.3,0.3]},{"offset":[0.8,1.57,0.0],"scale":[0.3,0.3,0.3]}]},"id":"tsa:birch_shelf","properties":{"rotate":true,"destroy_time":2.0,"requires_tool":false},"group":"tsa:birch_furniture"}
[12:54:31] [main/ERROR]: Could not load file! Error: java.lang.NullPointerException
[12:54:31] [main/INFO]: Path: null
[12:54:31] [main/INFO]: File: 
{"block_tags":["shulker_boxes"],"blocks":[{"origin":[0.0,0.0,0.0],"size":[2.0,1.0,1.0]}],"item_resource":{"models":{"default":"minecraft:item/custom/furniture/benches/birch_park_bench"}},"behaviour":{"seat":[{"offset":[0.0,0.35,0.0]},{"offset":[1.0,0.35,0.0]}]},"id":"tsa:birch_park_bench","properties":{"rotate":true,"destroy_time":2.0,"requires_tool":false,"rotate_smooth":true},"group":"tsa:birch_furniture"}
[12:54:31] [main/ERROR]: Could not load file! Error: java.lang.NullPointerException
[12:54:31] [main/INFO]: Path: null
[12:54:31] [main/INFO]: File: 
{"block_tags":["shulker_boxes"],"blocks":[{"origin":[0.0,0.0,0.0],"size":[1.0,1.0,1.0]}],"item_resource":{"models":{"default":"minecraft:item/custom/furniture/boards/birch_end_table_cabinet"}},"id":"tsa:birch_end_table_cabinet","properties":{"rotate":true,"destroy_time":2.0,"requires_tool":false,"rotate_smooth":true},"group":"tsa:birch_furniture"}
[12:54:31] [main/ERROR]: Could not load file! Error: java.lang.NullPointerException
[12:54:31] [main/INFO]: Path: null
[12:54:31] [main/INFO]: File: 
{"block_tags":["shulker_boxes"],"blocks":[{"origin":[0.0,0.0,0.0],"size":[2.0,2.0,1.0]}],"item_resource":{"models":{"default":"minecraft:item/custom/furniture/boards/birch_dresser"}},"id":"tsa:birch_dresser","properties":{"rotate":true,"destroy_time":2.0,"requires_tool":false},"group":"tsa:birch_furniture"}
[12:54:31] [main/ERROR]: Could not load file! Error: java.lang.NullPointerException
[12:54:31] [main/INFO]: Path: null
[12:54:31] [main/INFO]: File: 
{"components":{"minecraft:dyed_color":[1.0,1.0,1.0]},"block_tags":["shulker_boxes"],"blocks":[{"origin":[0.0,0.0,0.0],"size":[1.0,1.0,1.0]}],"item_resource":{"models":{"default":"minecraft:item/custom/furniture/chairs/birch_chair_with_cushion"}},"behaviour":{"seat":[{"offset":[0.0,0.5,-0.05]}]},"id":"tsa:birch_chair_with_cushion","vanilla_item":"minecraft:leather_horse_armor","properties":{"rotate":true,"destroy_time":2.0,"requires_tool":false,"rotate_smooth":true},"group":"tsa:birch_furniture"}
[12:54:31] [main/ERROR]: Could not load file! Error: java.lang.NullPointerException
[12:54:31] [main/INFO]: Path: null
[12:54:31] [main/INFO]: File: 
{"block_tags":["shulker_boxes"],"blocks":[{"origin":[0.0,0.0,0.0],"size":[1.0,1.0,1.0]}],"item_resource":{"models":{"default":"minecraft:item/custom/furniture/chairs/birch_chair"}},"behaviour":{"seat":[{"offset":[0.0,0.45,-0.05]}]},"id":"tsa:birch_chair","properties":{"rotate":true,"destroy_time":2.0,"requires_tool":false,"rotate_smooth":true},"group":"tsa:birch_furniture"}
[12:54:31] [main/ERROR]: Could not load file! Error: java.lang.NullPointerException
[12:54:31] [main/INFO]: Path: null
[12:54:31] [main/INFO]: File: 
{"block_tags":["shulker_boxes"],"blocks":[{"origin":[0.0,0.0,0.0],"size":[2.0,2.0,1.0]}],"item_resource":{"models":{"default":"minecraft:item/custom/furniture/boards/birch_cabinet"}},"id":"tsa:birch_cabinet","properties":{"rotate":true,"destroy_time":2.0,"requires_tool":false},"group":"tsa:birch_furniture"}
[12:54:31] [main/ERROR]: Could not load file! Error: java.lang.NullPointerException
[12:54:31] [main/INFO]: Path: null
[12:54:31] [main/INFO]: File: 
{"block_tags":["shulker_boxes"],"blocks":[{"origin":[0.0,0.0,0.0],"size":[2.0,1.0,1.0]}],"item_resource":{"models":{"default":"minecraft:item/custom/furniture/benches/birch_bench"}},"behaviour":{"seat":[{"offset":[0.0,0.42,0.0]},{"offset":[1.0,0.42,0.0]}]},"id":"tsa:birch_bench","properties":{"rotate":true,"destroy_time":2.0,"requires_tool":false,"rotate_smooth":true},"group":"tsa:birch_furniture"}
[12:54:31] [main/ERROR]: Could not load file! Error: java.lang.NullPointerException
[12:54:31] [main/INFO]: Path: null
[12:54:31] [main/INFO]: File: 
{"block_tags":["shulker_boxes"],"blocks":[{"origin":[0.0,0.0,0.0],"size":[2.0,1.0,1.0]}],"item_resource":{"models":{"default":"minecraft:item/custom/furniture/shelves/wooden_bamboo_wall_shelf"}},"id":"tsa:wooden_bamboo_wall_shelf","properties":{"destroy_time":2.0,"requires_tool":false,"placement":{"wall":true}},"group":"tsa:bamboo_furniture"}
[12:54:31] [main/ERROR]: Could not load file! Error: java.lang.NullPointerException
[12:54:31] [main/INFO]: Path: null
[12:54:31] [main/INFO]: File: 
{"block_tags":["shulker_boxes"],"blocks":[{"origin":[0.0,0.0,-1.0],"size":[2.0,1.0,2.0]}],"item_resource":{"models":{"default":"minecraft:item/custom/furniture/tables/wooden_bamboo_picnic_table"}},"behaviour":{"seat":[{"offset":[0.0,0.3,0.5],"direction":0.0},{"offset":[1.0,0.3,0.5],"direction":0.0},{"offset":[0.0,0.3,-1.5]},{"offset":[1.0,0.3,-1.5]}]},"id":"tsa:wooden_bamboo_picnic_table","properties":{"rotate":true,"destroy_time":2.0,"requires_tool":false,"rotate_smooth":true},"group":"tsa:bamboo_furniture"}
[12:54:31] [main/ERROR]: Could not load file! Error: java.lang.NullPointerException
[12:54:31] [main/INFO]: Path: null
[12:54:31] [main/INFO]: File: 
{"block_tags":["shulker_boxes"],"blocks":[{"origin":[0.0,0.0,0.0],"size":[2.0,1.0,1.0]}],"item_resource":{"models":{"default":"minecraft:item/custom/furniture/benches/wooden_bamboo_bench"}},"behaviour":{"seat":[{"offset":[0.0,0.42,0.0]},{"offset":[1.0,0.42,0.0]}]},"id":"tsa:wooden_bamboo_bench","properties":{"rotate":true,"destroy_time":2.0,"requires_tool":false,"rotate_smooth":true},"group":"tsa:bamboo_furniture"}
[12:54:31] [main/ERROR]: Could not load file! Error: java.lang.NullPointerException
[12:54:31] [main/INFO]: Path: null
[12:54:31] [main/INFO]: File: 
{"block_tags":["shulker_boxes"],"blocks":[{"origin":[0.0,0.0,0.0],"size":[1.0,1.0,1.0]}],"item_resource":{"models":{"default":"minecraft:item/custom/furniture/tables/small_bamboo_table"}},"id":"tsa:small_bamboo_table","properties":{"rotate":true,"destroy_time":2.0,"requires_tool":false,"rotate_smooth":true},"group":"tsa:bamboo_furniture"}
[12:54:31] [main/ERROR]: Could not load file! Error: java.lang.NullPointerException
[12:54:31] [main/INFO]: Path: null
[12:54:31] [main/INFO]: File: 
{"block_tags":["shulker_boxes"],"blocks":[{"origin":[0.0,0.0,0.0],"size":[1.0,2.0,1.0]}],"item_resource":{"models":{"default":"minecraft:item/custom/furniture/boards/small_bamboo_dresser"}},"id":"tsa:small_bamboo_dresser","properties":{"rotate":true,"destroy_time":2.0,"requires_tool":false},"group":"tsa:bamboo_furniture"}
[12:54:31] [main/ERROR]: Could not load file! Error: java.lang.NullPointerException
[12:54:31] [main/INFO]: Path: null
[12:54:31] [main/INFO]: File: 
{"block_tags":["shulker_boxes"],"blocks":[{"origin":[0.0,0.0,0.0],"size":[1.0,2.0,1.0]}],"item_resource":{"models":{"default":"minecraft:item/custom/furniture/shelves/slim_bamboo_shelf"}},"behaviour":{"showcase":[{"offset":[0.0,0.725,0.0],"scale":[0.5,0.5,0.5]},{"offset":[0.0,1.475,0.0],"scale":[0.5,0.5,0.5]}]},"id":"tsa:slim_bamboo_shelf","properties":{"rotate":true,"destroy_time":2.0,"requires_tool":false},"group":"tsa:bamboo_furniture"}
[12:54:31] [main/ERROR]: Could not load file! Error: java.lang.NullPointerException
[12:54:31] [main/INFO]: Path: null
[12:54:31] [main/INFO]: File: 
{"block_tags":["shulker_boxes"],"blocks":[{"origin":[0.0,0.0,0.0],"size":[2.0,3.0,1.0]}],"item_resource":{"models":{"default":"minecraft:item/custom/furniture/boards/large_bamboo_cabinet"}},"id":"tsa:large_bamboo_cabinet","properties":{"rotate":true,"destroy_time":2.0,"requires_tool":false},"group":"tsa:bamboo_furniture"}
[12:54:31] [main/ERROR]: Could not load file! Error: java.lang.NullPointerException
[12:54:31] [main/INFO]: Path: null
[12:54:31] [main/INFO]: File: 
{"block_tags":["shulker_boxes"],"blocks":[{"origin":[0.0,0.0,0.0],"size":[2.0,1.0,1.0]}],"item_resource":{"models":{"default":"minecraft:item/custom/furniture/shelves/iron_bamboo_wall_shelf"}},"id":"tsa:iron_bamboo_wall_shelf","properties":{"destroy_time":2.0,"requires_tool":false,"placement":{"wall":true}},"group":"tsa:bamboo_furniture"}
[12:54:31] [main/ERROR]: Could not load file! Error: java.lang.NullPointerException
[12:54:31] [main/INFO]: Path: null
[12:54:31] [main/INFO]: File: 
{"block_tags":["shulker_boxes"],"item_resource":{"models":{"default":"minecraft:item/custom/furniture/misc/cut_bamboo_planks"}},"id":"tsa:cut_bamboo_planks","properties":{"rotate":true,"rotate_smooth":true},"group":"tsa:bamboo_furniture"}
[12:54:31] [main/ERROR]: Could not load file! Error: java.lang.NullPointerException
[12:54:31] [main/INFO]: Path: null
[12:54:31] [main/INFO]: File: 
{"block_tags":["shulker_boxes"],"blocks":[{"origin":[0.0,0.0,0.0],"size":[1.0,1.0,1.0]}],"item_resource":{"models":{"default":"minecraft:item/custom/furniture/tables/bamboo_table_center_post"}},"id":"tsa:bamboo_table_center_post","properties":{"rotate":true,"destroy_time":2.0,"requires_tool":false,"rotate_smooth":true},"group":"tsa:bamboo_furniture"}
[12:54:31] [main/ERROR]: Could not load file! Error: java.lang.NullPointerException
[12:54:31] [main/INFO]: Path: null
[12:54:31] [main/INFO]: File: 
{"block_tags":["shulker_boxes"],"blocks":[{"origin":[0.0,0.0,0.0],"size":[1.0,1.0,1.0]}],"item_resource":{"models":{"default":"minecraft:item/custom/furniture/tables/bamboo_table"}},"id":"tsa:bamboo_table","properties":{"rotate":true,"destroy_time":2.0,"requires_tool":false,"rotate_smooth":true},"group":"tsa:bamboo_furniture"}
[12:54:31] [main/ERROR]: Could not load file! Error: java.lang.NullPointerException
[12:54:31] [main/INFO]: Path: null
[12:54:31] [main/INFO]: File: 
{"block_tags":["shulker_boxes"],"blocks":[{"origin":[0.0,0.0,0.0],"size":[2.0,1.0,1.0]}],"item_resource":{"models":{"default":"minecraft:item/custom/furniture/boards/bamboo_sidetable"}},"id":"tsa:bamboo_sidetable","properties":{"rotate":true,"destroy_time":2.0,"requires_tool":false},"group":"tsa:bamboo_furniture"}
[12:54:31] [main/ERROR]: Could not load file! Error: java.lang.NullPointerException
[12:54:31] [main/INFO]: Path: null
[12:54:31] [main/INFO]: File: 
{"block_tags":["shulker_boxes"],"blocks":[{"origin":[0.0,0.0,0.0],"size":[2.0,2.0,1.0]}],"item_resource":{"models":{"default":"minecraft:item/custom/furniture/shelves/bamboo_shelf"}},"behaviour":{"showcase":[{"offset":[0.2,0.38,0.0],"scale":[0.3,0.3,0.3]},{"offset":[0.2,0.94,0.0],"scale":[0.3,0.3,0.3]},{"offset":[0.2,1.57,0.0],"scale":[0.3,0.3,0.3]},{"offset":[0.8,0.38,0.0],"scale":[0.3,0.3,0.3]},{"offset":[0.8,0.94,0.0],"scale":[0.3,0.3,0.3]},{"offset":[0.8,1.57,0.0],"scale":[0.3,0.3,0.3]}]},"id":"tsa:bamboo_shelf","properties":{"rotate":true,"destroy_time":2.0,"requires_tool":false},"group":"tsa:bamboo_furniture"}
[12:54:32] [main/ERROR]: Could not load file! Error: java.lang.NullPointerException
[12:54:32] [main/INFO]: Path: null
[12:54:32] [main/INFO]: File: 
{"block_tags":["shulker_boxes"],"blocks":[{"origin":[0.0,0.0,0.0],"size":[2.0,1.0,1.0]}],"item_resource":{"models":{"default":"minecraft:item/custom/furniture/benches/bamboo_park_bench"}},"behaviour":{"seat":[{"offset":[0.0,0.35,0.0]},{"offset":[1.0,0.35,0.0]}]},"id":"tsa:bamboo_park_bench","properties":{"rotate":true,"destroy_time":2.0,"requires_tool":false,"rotate_smooth":true},"group":"tsa:bamboo_furniture"}
[12:54:32] [main/ERROR]: Could not load file! Error: java.lang.NullPointerException
[12:54:32] [main/INFO]: Path: null
[12:54:32] [main/INFO]: File: 
{"block_tags":["shulker_boxes"],"blocks":[{"origin":[0.0,0.0,0.0],"size":[1.0,1.0,1.0]}],"item_resource":{"models":{"default":"minecraft:item/custom/furniture/boards/bamboo_end_table_cabinet"}},"id":"tsa:bamboo_end_table_cabinet","properties":{"rotate":true,"destroy_time":2.0,"requires_tool":false,"rotate_smooth":true},"group":"tsa:bamboo_furniture"}
[12:54:32] [main/ERROR]: Could not load file! Error: java.lang.NullPointerException
[12:54:32] [main/INFO]: Path: null
[12:54:32] [main/INFO]: File: 
{"block_tags":["shulker_boxes"],"blocks":[{"origin":[0.0,0.0,0.0],"size":[2.0,2.0,1.0]}],"item_resource":{"models":{"default":"minecraft:item/custom/furniture/boards/bamboo_dresser"}},"id":"tsa:bamboo_dresser","properties":{"rotate":true,"destroy_time":2.0,"requires_tool":false},"group":"tsa:bamboo_furniture"}
[12:54:32] [main/ERROR]: Could not load file! Error: java.lang.NullPointerException
[12:54:32] [main/INFO]: Path: null
[12:54:32] [main/INFO]: File: 
{"components":{"minecraft:dyed_color":[1.0,1.0,1.0]},"block_tags":["shulker_boxes"],"blocks":[{"origin":[0.0,0.0,0.0],"size":[1.0,1.0,1.0]}],"item_resource":{"models":{"default":"minecraft:item/custom/furniture/chairs/bamboo_chair_with_cushion"}},"behaviour":{"seat":[{"offset":[0.0,0.5,-0.05]}]},"id":"tsa:bamboo_chair_with_cushion","vanilla_item":"minecraft:leather_horse_armor","properties":{"rotate":true,"destroy_time":2.0,"requires_tool":false,"rotate_smooth":true},"group":"tsa:bamboo_furniture"}
[12:54:32] [main/ERROR]: Could not load file! Error: java.lang.NullPointerException
[12:54:32] [main/INFO]: Path: null
[12:54:32] [main/INFO]: File: 
{"block_tags":["shulker_boxes"],"blocks":[{"origin":[0.0,0.0,0.0],"size":[1.0,1.0,1.0]}],"item_resource":{"models":{"default":"minecraft:item/custom/furniture/chairs/bamboo_chair"}},"behaviour":{"seat":[{"offset":[0.0,0.45,-0.05]}]},"id":"tsa:bamboo_chair","properties":{"rotate":true,"destroy_time":2.0,"requires_tool":false,"rotate_smooth":true},"group":"tsa:bamboo_furniture"}
[12:54:32] [main/ERROR]: Could not load file! Error: java.lang.NullPointerException
[12:54:32] [main/INFO]: Path: null
[12:54:32] [main/INFO]: File: 
{"block_tags":["shulker_boxes"],"blocks":[{"origin":[0.0,0.0,0.0],"size":[2.0,2.0,1.0]}],"item_resource":{"models":{"default":"minecraft:item/custom/furniture/boards/bamboo_cabinet"}},"id":"tsa:bamboo_cabinet","properties":{"rotate":true,"destroy_time":2.0,"requires_tool":false},"group":"tsa:bamboo_furniture"}
[12:54:32] [main/ERROR]: Could not load file! Error: java.lang.NullPointerException
[12:54:32] [main/INFO]: Path: null
[12:54:32] [main/INFO]: File: 
{"block_tags":["shulker_boxes"],"blocks":[{"origin":[0.0,0.0,0.0],"size":[2.0,1.0,1.0]}],"item_resource":{"models":{"default":"minecraft:item/custom/furniture/benches/bamboo_bench"}},"behaviour":{"seat":[{"offset":[0.0,0.42,0.0]},{"offset":[1.0,0.42,0.0]}]},"id":"tsa:bamboo_bench","properties":{"rotate":true,"destroy_time":2.0,"requires_tool":false,"rotate_smooth":true},"group":"tsa:bamboo_furniture"}
[12:54:32] [main/ERROR]: Could not load file! Error: java.lang.NullPointerException
[12:54:32] [main/INFO]: Path: null
[12:54:32] [main/INFO]: File: 
{"block_tags":["shulker_boxes"],"blocks":[{"origin":[0.0,0.0,0.0],"size":[2.0,1.0,1.0]}],"item_resource":{"models":{"default":"minecraft:item/custom/furniture/shelves/wooden_acacia_wall_shelf"}},"id":"tsa:wooden_acacia_wall_shelf","properties":{"destroy_time":2.0,"requires_tool":false,"placement":{"wall":true}},"group":"tsa:acacia_furniture"}
[12:54:32] [main/ERROR]: Could not load file! Error: java.lang.NullPointerException
[12:54:32] [main/INFO]: Path: null
[12:54:32] [main/INFO]: File: 
{"block_tags":["shulker_boxes"],"blocks":[{"origin":[0.0,0.0,-1.0],"size":[2.0,1.0,2.0]}],"item_resource":{"models":{"default":"minecraft:item/custom/furniture/tables/wooden_acacia_picnic_table"}},"behaviour":{"seat":[{"offset":[0.0,0.3,0.5],"direction":0.0},{"offset":[1.0,0.3,0.5],"direction":0.0},{"offset":[0.0,0.3,-1.5]},{"offset":[1.0,0.3,-1.5]}]},"id":"tsa:wooden_acacia_picnic_table","properties":{"rotate":true,"destroy_time":2.0,"requires_tool":false,"rotate_smooth":true},"group":"tsa:acacia_furniture"}
[12:54:32] [main/ERROR]: Could not load file! Error: java.lang.NullPointerException
[12:54:32] [main/INFO]: Path: null
[12:54:32] [main/INFO]: File: 
{"block_tags":["shulker_boxes"],"blocks":[{"origin":[0.0,0.0,0.0],"size":[2.0,1.0,1.0]}],"item_resource":{"models":{"default":"minecraft:item/custom/furniture/benches/wooden_acacia_bench"}},"behaviour":{"seat":[{"offset":[0.0,0.42,0.0]},{"offset":[1.0,0.42,0.0]}]},"id":"tsa:wooden_acacia_bench","properties":{"rotate":true,"destroy_time":2.0,"requires_tool":false,"rotate_smooth":true},"group":"tsa:acacia_furniture"}
[12:54:32] [main/ERROR]: Could not load file! Error: java.lang.NullPointerException
[12:54:32] [main/INFO]: Path: null
[12:54:32] [main/INFO]: File: 
{"block_tags":["shulker_boxes"],"blocks":[{"origin":[0.0,0.0,0.0],"size":[1.0,1.0,1.0]}],"item_resource":{"models":{"default":"minecraft:item/custom/furniture/tables/small_acacia_table"}},"id":"tsa:small_acacia_table","properties":{"rotate":true,"destroy_time":2.0,"requires_tool":false,"rotate_smooth":true},"group":"tsa:acacia_furniture"}
[12:54:32] [main/ERROR]: Could not load file! Error: java.lang.NullPointerException
[12:54:32] [main/INFO]: Path: null
[12:54:32] [main/INFO]: File: 
{"block_tags":["shulker_boxes"],"blocks":[{"origin":[0.0,0.0,0.0],"size":[1.0,2.0,1.0]}],"item_resource":{"models":{"default":"minecraft:item/custom/furniture/boards/small_acacia_dresser"}},"id":"tsa:small_acacia_dresser","properties":{"rotate":true,"destroy_time":2.0,"requires_tool":false},"group":"tsa:acacia_furniture"}
[12:54:32] [main/ERROR]: Could not load file! Error: java.lang.NullPointerException
[12:54:32] [main/INFO]: Path: null
[12:54:32] [main/INFO]: File: 
{"block_tags":["shulker_boxes"],"blocks":[{"origin":[0.0,0.0,0.0],"size":[1.0,2.0,1.0]}],"item_resource":{"models":{"default":"minecraft:item/custom/furniture/shelves/slim_acacia_shelf"}},"behaviour":{"showcase":[{"offset":[0.0,0.725,0.0],"scale":[0.5,0.5,0.5]},{"offset":[0.0,1.475,0.0],"scale":[0.5,0.5,0.5]}]},"id":"tsa:slim_acacia_shelf","properties":{"rotate":true,"destroy_time":2.0,"requires_tool":false},"group":"tsa:acacia_furniture"}
[12:54:32] [main/ERROR]: Could not load file! Error: java.lang.NullPointerException
[12:54:32] [main/INFO]: Path: null
[12:54:32] [main/INFO]: File: 
{"block_tags":["shulker_boxes"],"blocks":[{"origin":[0.0,0.0,0.0],"size":[2.0,3.0,1.0]}],"item_resource":{"models":{"default":"minecraft:item/custom/furniture/boards/large_acacia_cabinet"}},"id":"tsa:large_acacia_cabinet","properties":{"rotate":true,"destroy_time":2.0,"requires_tool":false},"group":"tsa:acacia_furniture"}
[12:54:32] [main/ERROR]: Could not load file! Error: java.lang.NullPointerException
[12:54:32] [main/INFO]: Path: null
[12:54:32] [main/INFO]: File: 
{"block_tags":["shulker_boxes"],"blocks":[{"origin":[0.0,0.0,0.0],"size":[2.0,1.0,1.0]}],"item_resource":{"models":{"default":"minecraft:item/custom/furniture/shelves/iron_acacia_wall_shelf"}},"id":"tsa:iron_acacia_wall_shelf","properties":{"destroy_time":2.0,"requires_tool":false,"placement":{"wall":true}},"group":"tsa:acacia_furniture"}
[12:54:32] [main/ERROR]: Could not load file! Error: java.lang.NullPointerException
[12:54:32] [main/INFO]: Path: null
[12:54:32] [main/INFO]: File: 
{"block_tags":["shulker_boxes"],"item_resource":{"models":{"default":"minecraft:item/custom/furniture/misc/cut_acacia_planks"}},"id":"tsa:cut_acacia_planks","properties":{"rotate":true,"rotate_smooth":true},"group":"tsa:acacia_furniture"}
[12:54:32] [main/ERROR]: Could not load file! Error: java.lang.NullPointerException
[12:54:32] [main/INFO]: Path: null
[12:54:32] [main/INFO]: File: 
{"block_tags":["shulker_boxes"],"blocks":[{"origin":[0.0,0.0,0.0],"size":[1.0,1.0,1.0]}],"item_resource":{"models":{"default":"minecraft:item/custom/furniture/tables/acacia_table_center_post"}},"id":"tsa:acacia_table_center_post","properties":{"rotate":true,"destroy_time":2.0,"requires_tool":false,"rotate_smooth":true},"group":"tsa:acacia_furniture"}
[12:54:32] [main/ERROR]: Could not load file! Error: java.lang.NullPointerException
[12:54:32] [main/INFO]: Path: null
[12:54:32] [main/INFO]: File: 
{"block_tags":["shulker_boxes"],"blocks":[{"origin":[0.0,0.0,0.0],"size":[1.0,1.0,1.0]}],"item_resource":{"models":{"default":"minecraft:item/custom/furniture/tables/acacia_table"}},"id":"tsa:acacia_table","properties":{"rotate":true,"destroy_time":2.0,"requires_tool":false,"rotate_smooth":true},"group":"tsa:acacia_furniture"}
[12:54:32] [main/ERROR]: Could not load file! Error: java.lang.NullPointerException
[12:54:32] [main/INFO]: Path: null
[12:54:32] [main/INFO]: File: 
{"block_tags":["shulker_boxes"],"blocks":[{"origin":[0.0,0.0,0.0],"size":[2.0,1.0,1.0]}],"item_resource":{"models":{"default":"minecraft:item/custom/furniture/boards/acacia_sidetable"}},"id":"tsa:acacia_sidetable","properties":{"rotate":true,"destroy_time":2.0,"requires_tool":false},"group":"tsa:acacia_furniture"}
[12:54:32] [main/ERROR]: Could not load file! Error: java.lang.NullPointerException
[12:54:32] [main/INFO]: Path: null
[12:54:32] [main/INFO]: File: 
{"block_tags":["shulker_boxes"],"blocks":[{"origin":[0.0,0.0,0.0],"size":[2.0,2.0,1.0]}],"item_resource":{"models":{"default":"minecraft:item/custom/furniture/shelves/acacia_shelf"}},"behaviour":{"showcase":[{"offset":[0.2,0.38,0.0],"scale":[0.3,0.3,0.3]},{"offset":[0.2,0.94,0.0],"scale":[0.3,0.3,0.3]},{"offset":[0.2,1.57,0.0],"scale":[0.3,0.3,0.3]},{"offset":[0.8,0.38,0.0],"scale":[0.3,0.3,0.3]},{"offset":[0.8,0.94,0.0],"scale":[0.3,0.3,0.3]},{"offset":[0.8,1.57,0.0],"scale":[0.3,0.3,0.3]}]},"id":"tsa:acacia_shelf","properties":{"rotate":true,"destroy_time":2.0,"requires_tool":false},"group":"tsa:acacia_furniture"}
[12:54:32] [main/ERROR]: Could not load file! Error: java.lang.NullPointerException
[12:54:32] [main/INFO]: Path: null
[12:54:32] [main/INFO]: File: 
{"block_tags":["shulker_boxes"],"blocks":[{"origin":[0.0,0.0,0.0],"size":[2.0,1.0,1.0]}],"item_resource":{"models":{"default":"minecraft:item/custom/furniture/benches/acacia_park_bench"}},"behaviour":{"seat":[{"offset":[0.0,0.35,0.0]},{"offset":[1.0,0.35,0.0]}]},"id":"tsa:acacia_park_bench","properties":{"rotate":true,"destroy_time":2.0,"requires_tool":false,"rotate_smooth":true},"group":"tsa:acacia_furniture"}
[12:54:32] [main/ERROR]: Could not load file! Error: java.lang.NullPointerException
[12:54:32] [main/INFO]: Path: null
[12:54:32] [main/INFO]: File: 
{"block_tags":["shulker_boxes"],"blocks":[{"origin":[0.0,0.0,0.0],"size":[1.0,1.0,1.0]}],"item_resource":{"models":{"default":"minecraft:item/custom/furniture/boards/acacia_end_table_cabinet"}},"id":"tsa:acacia_end_table_cabinet","properties":{"rotate":true,"destroy_time":2.0,"requires_tool":false,"rotate_smooth":true},"group":"tsa:acacia_furniture"}
[12:54:32] [main/ERROR]: Could not load file! Error: java.lang.NullPointerException
[12:54:32] [main/INFO]: Path: null
[12:54:32] [main/INFO]: File: 
{"block_tags":["shulker_boxes"],"blocks":[{"origin":[0.0,0.0,0.0],"size":[2.0,2.0,1.0]}],"item_resource":{"models":{"default":"minecraft:item/custom/furniture/boards/acacia_dresser"}},"id":"tsa:acacia_dresser","properties":{"rotate":true,"destroy_time":2.0,"requires_tool":false},"group":"tsa:acacia_furniture"}
[12:54:32] [main/ERROR]: Could not load file! Error: java.lang.NullPointerException
[12:54:32] [main/INFO]: Path: null
[12:54:32] [main/INFO]: File: 
{"components":{"minecraft:dyed_color":[1.0,1.0,1.0]},"block_tags":["shulker_boxes"],"blocks":[{"origin":[0.0,0.0,0.0],"size":[1.0,1.0,1.0]}],"item_resource":{"models":{"default":"minecraft:item/custom/furniture/chairs/acacia_chair_with_cushion"}},"behaviour":{"seat":[{"offset":[0.0,0.5,-0.05]}]},"id":"tsa:acacia_chair_with_cushion","vanilla_item":"minecraft:leather_horse_armor","properties":{"rotate":true,"destroy_time":2.0,"requires_tool":false,"rotate_smooth":true},"group":"tsa:acacia_furniture"}
[12:54:32] [main/ERROR]: Could not load file! Error: java.lang.NullPointerException
[12:54:32] [main/INFO]: Path: null
[12:54:32] [main/INFO]: File: 
{"block_tags":["shulker_boxes"],"blocks":[{"origin":[0.0,0.0,0.0],"size":[1.0,1.0,1.0]}],"item_resource":{"models":{"default":"minecraft:item/custom/furniture/chairs/acacia_chair"}},"behaviour":{"seat":[{"offset":[0.0,0.45,-0.05]}]},"id":"tsa:acacia_chair","properties":{"rotate":true,"destroy_time":2.0,"requires_tool":false,"rotate_smooth":true},"group":"tsa:acacia_furniture"}
[12:54:32] [main/ERROR]: Could not load file! Error: java.lang.NullPointerException
[12:54:32] [main/INFO]: Path: null
[12:54:32] [main/INFO]: File: 
{"block_tags":["shulker_boxes"],"blocks":[{"origin":[0.0,0.0,0.0],"size":[2.0,2.0,1.0]}],"item_resource":{"models":{"default":"minecraft:item/custom/furniture/boards/acacia_cabinet"}},"id":"tsa:acacia_cabinet","properties":{"rotate":true,"destroy_time":2.0,"requires_tool":false},"group":"tsa:acacia_furniture"}
[12:54:32] [main/ERROR]: Could not load file! Error: java.lang.NullPointerException
[12:54:32] [main/INFO]: Path: null
[12:54:32] [main/INFO]: File: 
{"block_tags":["shulker_boxes"],"blocks":[{"origin":[0.0,0.0,0.0],"size":[2.0,1.0,1.0]}],"item_resource":{"models":{"default":"minecraft:item/custom/furniture/benches/acacia_bench"}},"behaviour":{"seat":[{"offset":[0.0,0.42,0.0]},{"offset":[1.0,0.42,0.0]}]},"id":"tsa:acacia_bench","properties":{"rotate":true,"destroy_time":2.0,"requires_tool":false,"rotate_smooth":true},"group":"tsa:acacia_furniture"}
[12:54:32] [main/ERROR]: Could not load file! Error: java.lang.NullPointerException
[12:54:32] [main/INFO]: Path: null
[12:54:32] [main/INFO]: File: 
{"block_model_type":"full_block","block_resource":{"models":{"default":"minecraft:item/custom/block/wood/vertical_planks/warped"}},"id":"tsa:vertical_warped_planks","properties":{"block_base":"minecraft:warped_planks","explosion_resistance":3.0,"destroy_time":2.0,"requires_tool":false}}
[12:54:32] [main/ERROR]: Could not load file! Error: java.lang.NullPointerException
[12:54:32] [main/INFO]: Path: null
[12:54:32] [main/INFO]: File: 
{"block_model_type":"full_block","block_resource":{"models":{"default":"minecraft:item/custom/block/wood/vertical_planks/spruce"}},"id":"tsa:vertical_spruce_planks","properties":{"block_base":"minecraft:spruce_planks","explosion_resistance":3.0,"destroy_time":2.0,"requires_tool":false}}
[12:54:32] [main/ERROR]: Could not load file! Error: java.lang.NullPointerException
[12:54:32] [main/INFO]: Path: null
[12:54:32] [main/INFO]: File: 
{"block_model_type":"full_block","block_resource":{"models":{"default":"minecraft:item/custom/block/wood/vertical_planks/oak"}},"id":"tsa:vertical_oak_planks","properties":{"block_base":"minecraft:oak_planks","explosion_resistance":3.0,"destroy_time":2.0,"requires_tool":false}}
[12:54:32] [main/ERROR]: Could not load file! Error: java.lang.NullPointerException
[12:54:32] [main/INFO]: Path: null
[12:54:32] [main/INFO]: File: 
{"block_model_type":"full_block","block_resource":{"models":{"default":"minecraft:item/custom/block/wood/vertical_planks/mangrove"}},"id":"tsa:vertical_mangrove_planks","properties":{"block_base":"minecraft:mangrove_planks","explosion_resistance":3.0,"destroy_time":2.0,"requires_tool":false}}
[12:54:32] [main/ERROR]: Could not load file! Error: java.lang.NullPointerException
[12:54:32] [main/INFO]: Path: null
[12:54:32] [main/INFO]: File: 
{"block_model_type":"full_block","block_resource":{"models":{"default":"minecraft:item/custom/block/wood/vertical_planks/jungle"}},"id":"tsa:vertical_jungle_planks","properties":{"block_base":"minecraft:jungle_planks","explosion_resistance":3.0,"destroy_time":2.0,"requires_tool":false}}
[12:54:33] [main/ERROR]: Could not load file! Error: java.lang.NullPointerException
[12:54:33] [main/INFO]: Path: null
[12:54:33] [main/INFO]: File: 
{"block_model_type":"full_block","block_resource":{"models":{"default":"minecraft:item/custom/block/wood/vertical_planks/dark_oak"}},"id":"tsa:vertical_dark_oak_planks","properties":{"block_base":"minecraft:dark_oak_planks","explosion_resistance":3.0,"destroy_time":2.0,"requires_tool":false}}
[12:54:33] [main/ERROR]: Could not load file! Error: java.lang.NullPointerException
[12:54:33] [main/INFO]: Path: null
[12:54:33] [main/INFO]: File: 
{"block_model_type":"full_block","block_resource":{"models":{"default":"minecraft:item/custom/block/wood/vertical_planks/crimson"}},"id":"tsa:vertical_crimson_planks","properties":{"block_base":"minecraft:crimson_planks","explosion_resistance":3.0,"destroy_time":2.0,"requires_tool":false}}
[12:54:33] [main/ERROR]: Could not load file! Error: java.lang.NullPointerException
[12:54:33] [main/INFO]: Path: null
[12:54:33] [main/INFO]: File: 
{"block_model_type":"full_block","block_resource":{"models":{"default":"minecraft:item/custom/block/wood/vertical_planks/cherry"}},"id":"tsa:vertical_cherry_planks","properties":{"block_base":"minecraft:cherry_planks","explosion_resistance":3.0,"destroy_time":2.0,"requires_tool":false}}
[12:54:33] [main/ERROR]: Could not load file! Error: java.lang.NullPointerException
[12:54:33] [main/INFO]: Path: null
[12:54:33] [main/INFO]: File: 
{"block_model_type":"full_block","block_resource":{"models":{"default":"minecraft:item/custom/block/wood/vertical_planks/birch"}},"id":"tsa:vertical_birch_planks","properties":{"block_base":"minecraft:birch_planks","explosion_resistance":3.0,"destroy_time":2.0,"requires_tool":false}}
[12:54:33] [main/ERROR]: Could not load file! Error: java.lang.NullPointerException
[12:54:33] [main/INFO]: Path: null
[12:54:33] [main/INFO]: File: 
{"block_model_type":"full_block","block_resource":{"models":{"default":"minecraft:item/custom/block/wood/vertical_planks/bamboo"}},"id":"tsa:vertical_bamboo_planks","properties":{"block_base":"minecraft:bamboo_planks","explosion_resistance":3.0,"destroy_time":2.0,"requires_tool":false}}
[12:54:33] [main/ERROR]: Could not load file! Error: java.lang.NullPointerException
[12:54:33] [main/INFO]: Path: null
[12:54:33] [main/INFO]: File: 
{"block_model_type":"full_block","block_resource":{"models":{"default":"minecraft:item/custom/block/wood/vertical_planks/acacia"}},"id":"tsa:vertical_acacia_planks","properties":{"block_base":"minecraft:acacia_planks","explosion_resistance":3.0,"destroy_time":2.0,"requires_tool":false}}
[12:54:33] [main/ERROR]: Could not load file! Error: java.lang.NullPointerException
[12:54:33] [main/INFO]: Path: null
[12:54:33] [main/INFO]: File: 
{"block_model_type":"full_block","block_resource":{"models":{"default":"minecraft:item/custom/block/wood/chiseled_planks/warped"}},"id":"tsa:chiseled_warped_planks","properties":{"block_base":"minecraft:warped_planks","explosion_resistance":3.0,"destroy_time":2.0,"requires_tool":false}}
[12:54:33] [main/ERROR]: Could not load file! Error: java.lang.NullPointerException
[12:54:33] [main/INFO]: Path: null
[12:54:33] [main/INFO]: File: 
{"block_model_type":"full_block","block_resource":{"models":{"default":"minecraft:item/custom/block/wood/chiseled_planks/spruce"}},"id":"tsa:chiseled_spruce_planks","properties":{"block_base":"minecraft:spruce_planks","explosion_resistance":3.0,"destroy_time":2.0,"requires_tool":false}}
[12:54:33] [main/ERROR]: Could not load file! Error: java.lang.NullPointerException
[12:54:33] [main/INFO]: Path: null
[12:54:33] [main/INFO]: File: 
{"block_model_type":"full_block","block_resource":{"models":{"default":"minecraft:item/custom/block/wood/chiseled_planks/oak"}},"id":"tsa:chiseled_oak_planks","properties":{"block_base":"minecraft:oak_planks","explosion_resistance":3.0,"destroy_time":2.0,"requires_tool":false}}
[12:54:33] [main/ERROR]: Could not load file! Error: java.lang.NullPointerException
[12:54:33] [main/INFO]: Path: null
[12:54:33] [main/INFO]: File: 
{"block_model_type":"full_block","block_resource":{"models":{"default":"minecraft:item/custom/block/wood/chiseled_planks/mangrove"}},"id":"tsa:chiseled_mangrove_planks","properties":{"block_base":"minecraft:mangrove_planks","explosion_resistance":3.0,"destroy_time":2.0,"requires_tool":false}}
[12:54:33] [main/ERROR]: Could not load file! Error: java.lang.NullPointerException
[12:54:33] [main/INFO]: Path: null
[12:54:33] [main/INFO]: File: 
{"block_model_type":"full_block","block_resource":{"models":{"default":"minecraft:item/custom/block/wood/chiseled_planks/jungle"}},"id":"tsa:chiseled_jungle_planks","properties":{"block_base":"minecraft:jungle_planks","explosion_resistance":3.0,"destroy_time":2.0,"requires_tool":false}}
[12:54:33] [main/ERROR]: Could not load file! Error: java.lang.NullPointerException
[12:54:33] [main/INFO]: Path: null
[12:54:33] [main/INFO]: File: 
{"block_model_type":"full_block","block_resource":{"models":{"default":"minecraft:item/custom/block/wood/chiseled_planks/dark_oak"}},"id":"tsa:chiseled_dark_oak_planks","properties":{"block_base":"minecraft:dark_oak_planks","explosion_resistance":3.0,"destroy_time":2.0,"requires_tool":false}}
[12:54:33] [main/ERROR]: Could not load file! Error: java.lang.NullPointerException
[12:54:33] [main/INFO]: Path: null
[12:54:33] [main/INFO]: File: 
{"block_model_type":"full_block","block_resource":{"models":{"default":"minecraft:item/custom/block/wood/chiseled_planks/crimson"}},"id":"tsa:chiseled_crimson_planks","properties":{"block_base":"minecraft:oak_planks","explosion_resistance":3.0,"destroy_time":2.0,"requires_tool":false}}
[12:54:33] [main/ERROR]: Could not load file! Error: java.lang.NullPointerException
[12:54:33] [main/INFO]: Path: null
[12:54:33] [main/INFO]: File: 
{"block_model_type":"full_block","block_resource":{"models":{"default":"minecraft:item/custom/block/wood/chiseled_planks/cherry"}},"id":"tsa:chiseled_cherry_planks","properties":{"block_base":"minecraft:cherry_planks","explosion_resistance":3.0,"destroy_time":2.0,"requires_tool":false}}
[12:54:33] [main/ERROR]: Could not load file! Error: java.lang.NullPointerException
[12:54:33] [main/INFO]: Path: null
[12:54:33] [main/INFO]: File: 
{"block_model_type":"full_block","block_resource":{"models":{"default":"minecraft:item/custom/block/wood/chiseled_planks/birch"}},"id":"tsa:chiseled_birch_planks","properties":{"block_base":"minecraft:birch_planks","explosion_resistance":3.0,"destroy_time":2.0,"requires_tool":false}}
[12:54:33] [main/ERROR]: Could not load file! Error: java.lang.NullPointerException
[12:54:33] [main/INFO]: Path: null
[12:54:33] [main/INFO]: File: 
{"block_model_type":"full_block","block_resource":{"models":{"default":"minecraft:item/custom/block/wood/chiseled_planks/bamboo"}},"id":"tsa:chiseled_bamboo_planks","properties":{"block_base":"minecraft:bamboo_planks","explosion_resistance":3.0,"destroy_time":2.0,"requires_tool":false}}
[12:54:33] [main/ERROR]: Could not load file! Error: java.lang.NullPointerException
[12:54:33] [main/INFO]: Path: null
[12:54:33] [main/INFO]: File: 
{"block_model_type":"full_block","block_resource":{"models":{"default":"minecraft:item/custom/block/wood/chiseled_planks/acacia"}},"id":"tsa:chiseled_acacia_planks","properties":{"block_base":"minecraft:acacia_planks","explosion_resistance":3.0,"destroy_time":2.0,"requires_tool":false}}
[12:54:33] [main/ERROR]: Could not load file! Error: java.lang.NullPointerException
[12:54:33] [main/INFO]: Path: null
[12:54:33] [main/INFO]: File: 
{"block_model_type":"full_block","block_resource":{"models":{"default":"minecraft:item/custom/block/stone/polished_stone"}},"id":"tsa:polished_stone","properties":{"explosion_resistance":6.0,"block_base":"minecraft:stone","item_base":"minecraft:paper","destroy_time":1.5}}
[12:54:33] [main/ERROR]: Could not load file! Error: java.lang.NullPointerException
[12:54:33] [main/INFO]: Path: null
[12:54:33] [main/INFO]: File: 
{"block_model_type":"full_block","block_resource":{"models":{"default":"minecraft:item/custom/block/stone/polished_limestone"}},"id":"tsa:polished_limestone","properties":{"explosion_resistance":6.0,"block_base":"minecraft:stone","item_base":"minecraft:paper","destroy_time":1.5}}
[12:54:33] [main/ERROR]: Could not load file! Error: java.lang.NullPointerException
[12:54:33] [main/INFO]: Path: null
[12:54:33] [main/INFO]: File: 
{"block_model_type":"full_block","block_resource":{"models":{"default":"minecraft:item/custom/block/stone/limestone_bricks"}},"id":"tsa:limestone_bricks","properties":{"explosion_resistance":6.0,"block_base":"minecraft:stone","item_base":"minecraft:paper","destroy_time":1.5}}
[12:54:33] [main/ERROR]: Could not load file! Error: java.lang.NullPointerException
[12:54:33] [main/INFO]: Path: null
[12:54:33] [main/INFO]: File: 
{"block_model_type":"full_block","block_resource":{"models":{"default":"minecraft:item/custom/block/stone/limestone"}},"id":"tsa:limestone","properties":{"explosion_resistance":6.0,"block_base":"minecraft:stone","item_base":"minecraft:paper","destroy_time":1.5}}
[12:54:33] [main/ERROR]: Could not load file! Error: java.lang.NullPointerException
[12:54:33] [main/INFO]: Path: null
[12:54:33] [main/INFO]: File: 
{"block_model_type":"full_block","block_resource":{"models":{"default":"minecraft:item/custom/block/stone/large_bricks"}},"id":"tsa:large_bricks","properties":{"explosion_resistance":6.0,"block_base":"minecraft:bricks","item_base":"minecraft:paper","destroy_time":1.5}}
[12:54:33] [main/ERROR]: Could not load file! Error: java.lang.NullPointerException
[12:54:33] [main/INFO]: Path: null
[12:54:33] [main/INFO]: File: 
{"block_model_type":"full_block","block_resource":{"models":{"default":"minecraft:item/custom/block/stone/granite_bricks"}},"id":"tsa:granite_bricks","properties":{"explosion_resistance":6.0,"block_base":"minecraft:polished_granite","item_base":"minecraft:paper","destroy_time":1.5}}
[12:54:33] [main/ERROR]: Could not load file! Error: java.lang.NullPointerException
[12:54:33] [main/INFO]: Path: null
[12:54:33] [main/INFO]: File: 
{"block_model_type":"full_block","block_resource":{"models":{"default":"minecraft:item/custom/block/dripstone/polished_dripstone"}},"id":"tsa:polished_dripstone_block","properties":{"explosion_resistance":6.0,"block_base":"minecraft:dripstone_block","item_base":"minecraft:paper","destroy_time":1.5}}
[12:54:33] [main/ERROR]: Could not load file! Error: java.lang.NullPointerException
[12:54:33] [main/INFO]: Path: null
[12:54:33] [main/INFO]: File: 
{"block_model_type":"full_block","block_resource":{"models":{"default":"minecraft:item/custom/block/dripstone/dripstone_bricks"}},"id":"tsa:dripstone_bricks","properties":{"explosion_resistance":6.0,"block_base":"minecraft:dripstone_block","item_base":"minecraft:paper","destroy_time":1.5}}
[12:54:33] [main/ERROR]: Could not load file! Error: java.lang.NullPointerException
[12:54:33] [main/INFO]: Path: null
[12:54:33] [main/INFO]: File: 
{"block_model_type":"full_block","block_resource":{"models":{"default":"minecraft:item/custom/block/stone/diorite_bricks"}},"id":"tsa:diorite_bricks","properties":{"explosion_resistance":6.0,"block_base":"minecraft:polished_diorite","item_base":"minecraft:paper","destroy_time":1.5}}
[12:54:33] [main/ERROR]: Could not load file! Error: java.lang.NullPointerException
[12:54:33] [main/INFO]: Path: null
[12:54:33] [main/INFO]: File: 
{"block_model_type":"full_block","block_resource":{"models":{"default":"minecraft:item/custom/block/stone/andesite_bricks"}},"id":"tsa:andesite_bricks","properties":{"explosion_resistance":6.0,"block_base":"minecraft:polished_andesite","item_base":"minecraft:paper","destroy_time":1.5}}
[12:54:33] [main/ERROR]: Could not load file! Error: java.lang.NullPointerException
[12:54:33] [main/INFO]: Path: null
[12:54:33] [main/INFO]: File: 
{"item_resource":{"models":{"default":"minecraft:item/custom/block/stone/pebbles_item"}},"block_model_type":"tripwire_block","block_resource":{"models":{"count=4":"minecraft:item/custom/block/stone/pebbles_4","count=3":"minecraft:item/custom/block/stone/pebbles_3","count=2":"minecraft:item/custom/block/stone/pebbles_2","count=1":"minecraft:item/custom/block/stone/pebbles_1"}},"behaviour":{"count":{"max":4.0}},"id":"tsa:pebbles","properties":{"solid":false,"explosion_resistance":0.5,"block_base":"minecraft:stone","destroy_time":0.0,"replaceable":true,"requires_tool":false,"transparent":true}}
[12:54:34] [Via-Mappingloader-1/INFO]: Loading block connection mappings ...
[12:54:34] [Via-Mappingloader-1/INFO]: Using FastUtil Long2ObjectOpenHashMap for block connections
[12:54:34] [main/INFO]: Loading translations...
[12:54:34] [main/INFO]: Registering protocols...
[12:54:35] [main/INFO]: ViaVersion detected server version: 1.21.11 (774)
[12:54:35] [ViaFabric-2/INFO]: Finished mapping loading, shutting down loader executor.
[12:54:35] [main/INFO]: Wlodzimiers Blocks zostało załadowane miaał
[12:54:35] [main/ERROR]: Failed to start the minecraft server
java.lang.RuntimeException: Could not execute entrypoint stage 'main' due to errors, provided by 'lootr' at 'noobanidus.mods.lootr.fabric.Lootr'!
	at net.fabricmc.loader.impl.FabricLoaderImpl.lambda$invokeEntrypoints$0(FabricLoaderImpl.java:409)
	at net.fabricmc.loader.impl.util.ExceptionUtil.gatherExceptions(ExceptionUtil.java:33)
	at net.fabricmc.loader.impl.FabricLoaderImpl.invokeEntrypoints(FabricLoaderImpl.java:407)
	at net.fabricmc.loader.impl.game.minecraft.Hooks.startServer(Hooks.java:63)
	at knot//net.minecraft.server.Main.main(Main.java:112)
	at net.fabricmc.loader.impl.game.minecraft.MinecraftGameProvider.launch(MinecraftGameProvider.java:514)
	at net.fabricmc.loader.impl.launch.knot.Knot.launch(Knot.java:72)
	at net.fabricmc.loader.impl.launch.knot.KnotServer.main(KnotServer.java:23)
	at net.fabricmc.loader.impl.launch.server.FabricServerLauncher.main(FabricServerLauncher.java:69)
	at net.fabricmc.installer.ServerLauncher.main(ServerLauncher.java:69)
	at eu.pb4.mrpackserver.launch.Launcher.execute(Launcher.java:118)
	at eu.pb4.mrpackserver.launch.Launcher.launchFinal(Launcher.java:141)
	at eu.pb4.mrpackserver.Main.main(Main.java:128)
	Suppressed: java.lang.NoSuchFieldError: Class noobanidus.mods.lootr.fabric.init.ModBlocks does not have member field 'noobanidus.mods.lootr.fabric.block.LootrFabricBarrelBlock BARREL'
		at knot//tornato.lootr.LootrPolymer.<clinit>(LootrPolymer.java:22)
		at java.base/java.lang.Class.forName0(Native Method)
		at java.base/java.lang.Class.forName(Class.java:536)
		at java.base/java.lang.Class.forName(Class.java:515)
		at net.fabricmc.loader.impl.util.DefaultLanguageAdapter.create(DefaultLanguageAdapter.java:50)
		at net.fabricmc.loader.impl.entrypoint.EntrypointStorage$NewEntry.getOrCreate(EntrypointStorage.java:124)
		at net.fabricmc.loader.impl.entrypoint.EntrypointContainerImpl.getEntrypoint(EntrypointContainerImpl.java:53)
		at net.fabricmc.loader.impl.FabricLoaderImpl.invokeEntrypoints(FabricLoaderImpl.java:405)
		... 10 more
Caused by: java.lang.RuntimeException: Mixin transformation of noobanidus.mods.lootr.common.impl.DefaultLootrAPIImpl failed
	at net.fabricmc.loader.impl.launch.knot.KnotClassDelegate.getPostMixinClassByteArray(KnotClassDelegate.java:440)
	at net.fabricmc.loader.impl.launch.knot.KnotClassDelegate.tryLoadClass(KnotClassDelegate.java:336)
	at net.fabricmc.loader.impl.launch.knot.KnotClassDelegate.loadClass(KnotClassDelegate.java:231)
	at net.fabricmc.loader.impl.launch.knot.KnotClassLoader.loadClass(KnotClassLoader.java:119)
	at java.base/java.lang.ClassLoader.loadClass(ClassLoader.java:526)
	at java.base/java.lang.ClassLoader.defineClass1(Native Method)
	at java.base/java.lang.ClassLoader.defineClass(ClassLoader.java:1027)
	at java.base/java.security.SecureClassLoader.defineClass(SecureClassLoader.java:150)
	at net.fabricmc.loader.impl.launch.knot.KnotClassLoader.defineClassFwd(KnotClassLoader.java:165)
	at net.fabricmc.loader.impl.launch.knot.KnotClassDelegate.tryLoadClass(KnotClassDelegate.java:368)
	at net.fabricmc.loader.impl.launch.knot.KnotClassDelegate.loadClass(KnotClassDelegate.java:231)
	at net.fabricmc.loader.impl.launch.knot.KnotClassLoader.loadClass(KnotClassLoader.java:119)
	at java.base/java.lang.ClassLoader.loadClass(ClassLoader.java:526)
	at knot//noobanidus.mods.lootr.fabric.Lootr.onInitialize(Lootr.java:22)
	at net.fabricmc.loader.impl.FabricLoaderImpl.invokeEntrypoints(FabricLoaderImpl.java:405)
	... 10 more
Caused by: org.spongepowered.asm.mixin.transformer.throwables.MixinTransformerError: An unexpected critical error was encountered
	at org.spongepowered.asm.mixin.transformer.MixinProcessor.applyMixins(MixinProcessor.java:381)
	at org.spongepowered.asm.mixin.transformer.MixinTransformer.transformClass(MixinTransformer.java:237)
	at org.spongepowered.asm.mixin.transformer.MixinTransformer.transformClassBytes(MixinTransformer.java:202)
	at net.fabricmc.loader.impl.launch.knot.KnotClassDelegate.getPostMixinClassByteArray(KnotClassDelegate.java:435)
	... 24 more
Caused by: org.spongepowered.asm.mixin.injection.throwables.InjectionError: Critical injection failure: Callback method disableStatUpdates(Z)Z in lootrPolymer.mixins.json:LootrAPIImplMixin from mod lootr_polymer failed injection check, (0/1) succeeded. Scanned 0 target(s). No refMap loaded.
	at org.spongepowered.asm.mixin.injection.struct.InjectionInfo.postInject(InjectionInfo.java:531)
	at knot//com.llamalad7.mixinextras.injector.MixinExtrasLateInjectionInfo.latePostInject(MixinExtrasLateInjectionInfo.java:57)
	at knot//com.llamalad7.mixinextras.injector.LateInjectionApplicatorExtension.postApply(LateInjectionApplicatorExtension.java:43)
	at org.spongepowered.asm.mixin.transformer.ext.Extensions.postApply(Extensions.java:167)
	at org.spongepowered.asm.mixin.transformer.TargetClassContext.postApply(TargetClassContext.java:448)
	at org.spongepowered.asm.mixin.transformer.TargetClassContext.applyMixins(TargetClassContext.java:420)
	at org.spongepowered.asm.mixin.transformer.MixinProcessor.applyMixins(MixinProcessor.java:352)
	... 27 more
